scenario_group_id,split,row_count
SG-00001,train,2
SG-00002,train,5
SG-00003,train,2
SG-00005,train,5
SG-00007,train,7
SG-00008,train,2
SG-00009,train,5
SG-00010,train,5
SG-00011,train,7
SG-00012,train,6
SG-00013,train,2
SG-00015,train,2
SG-00016,train,8
SG-00017,train,7
SG-00018,train,5
SG-00020,train,7
SG-00021,train,2
SG-00022,train,2
SG-00024,train,8
SG-00025,train,4
SG-00026,train,2
SG-00027,train,8
SG-00028,train,4
SG-00029,train,2
SG-00030,train,2
SG-00031,train,5
SG-00032,train,4
SG-00034,train,8
SG-00036,train,2
SG-00037,train,3
SG-00039,train,3
SG-00040,train,5
SG-00041,train,3
SG-00044,train,8
SG-00045,train,4
SG-00046,train,6
SG-00048,train,6
SG-00049,train,2
SG-00051,train,3
SG-00052,train,3
SG-00054,train,3
SG-00056,train,2
SG-00058,train,5
SG-00061,train,3
SG-00062,train,7
SG-00063,train,7
SG-00065,train,4
SG-00067,train,4
SG-00068,train,2
SG-00069,train,3
SG-00070,train,6
SG-00071,train,4
SG-00072,train,4
SG-00074,train,3
SG-00076,train,4
SG-00078,train,4
SG-00079,train,2
SG-00080,train,4
SG-00081,train,4
SG-00083,train,7
SG-00084,train,4
SG-00085,train,2
SG-00087,train,8
SG-00088,train,8
SG-00089,train,7
SG-00091,train,3
SG-00092,train,2
SG-00095,train,8
SG-00097,train,7
SG-00098,train,8
SG-00099,train,2
SG-00100,train,8
SG-00101,train,7
SG-00102,train,2
SG-00103,train,2
SG-00104,train,7
SG-00107,train,5
SG-00108,train,5
SG-00109,train,3
SG-00110,train,3
SG-00111,train,4
SG-00112,train,3
SG-00113,train,4
SG-00114,train,2
SG-00117,train,7
SG-00118,train,4
SG-00120,train,5
SG-00123,train,7
SG-00124,train,6
SG-00126,train,8
SG-00127,train,6
SG-00128,train,4
SG-00129,train,4
SG-00130,train,7
SG-00131,train,6
SG-00132,train,3
SG-00133,train,5
SG-00134,train,4
SG-00135,train,2
SG-00136,train,6
SG-00137,train,2
SG-00139,train,7
SG-00140,train,5
SG-00141,train,8
SG-00142,train,3
SG-00143,train,6
SG-00144,train,7
SG-00145,train,4
SG-00147,train,6
SG-00148,train,4
SG-00149,train,7
SG-00151,train,7
SG-00152,train,5
SG-00153,train,4
SG-00157,train,7
SG-00158,train,4
SG-00159,train,4
SG-00166,train,6
SG-00167,train,4
SG-00169,train,8
SG-00170,train,2
SG-00171,train,3
SG-00172,train,8
SG-00173,train,6
SG-00174,train,8
SG-00175,train,5
SG-00176,train,6
SG-00177,train,3
SG-00178,train,3
SG-00179,train,5
SG-00180,train,5
SG-00181,train,3
SG-00182,train,2
SG-00185,train,2
SG-00186,train,8
SG-00187,train,5
SG-00188,train,5
SG-00190,train,2
SG-00192,train,6
SG-00193,train,6
SG-00194,train,5
SG-00196,train,6
SG-00198,train,7
SG-00199,train,7
SG-00200,train,4
SG-00201,train,2
SG-00202,train,3
SG-00203,train,5
SG-00204,train,8
SG-00209,train,7
SG-00210,train,2
SG-00213,train,4
SG-00214,train,3
SG-00215,train,6
SG-00216,train,8
SG-00217,train,8
SG-00218,train,3
SG-00219,train,8
SG-00220,train,2
SG-00221,train,4
SG-00223,train,2
SG-00224,train,8
SG-00225,train,5
SG-00226,train,4
SG-00230,train,4
SG-00231,train,2
SG-00232,train,4
SG-00233,train,3
SG-00234,train,5
SG-00235,train,6
SG-00236,train,3
SG-00237,train,5
SG-00238,train,6
SG-00239,train,4
SG-00240,train,5
SG-00242,train,7
SG-00243,train,5
SG-00244,train,5
SG-00245,train,6
SG-00246,train,5
SG-00247,train,2
SG-00249,train,4
SG-00250,train,3
SG-00251,train,2
SG-00253,train,3
SG-00254,train,6
SG-00255,train,8
SG-00257,train,6
SG-00258,train,4
SG-00259,train,7
SG-00260,train,5
SG-00261,train,4
SG-00264,train,3
SG-00268,train,4
SG-00269,train,2
SG-00270,train,8
SG-00274,train,8
SG-00275,train,7
SG-00277,train,7
SG-00279,train,4
SG-00281,train,6
SG-00282,train,2
SG-00283,train,2
SG-00284,train,6
SG-00285,train,5
SG-00286,train,6
SG-00290,train,5
SG-00293,train,4
SG-00294,train,6
SG-00297,train,2
SG-00298,train,7
SG-00299,train,6
SG-00300,train,8
SG-00301,train,3
SG-00303,train,8
SG-00305,train,5
SG-00306,train,8
SG-00307,train,6
SG-00308,train,4
SG-00309,train,3
SG-00310,train,6
SG-00311,train,2
SG-00312,train,3
SG-00313,train,3
SG-00314,train,4
SG-00316,train,7
SG-00318,train,7
SG-00319,train,6
SG-00320,train,4
SG-00322,train,2
SG-00323,train,2
SG-00325,train,7
SG-00327,train,8
SG-00328,train,8
SG-00329,train,4
SG-00330,train,7
SG-00332,train,8
SG-00333,train,7
SG-00335,train,8
SG-00336,train,7
SG-00337,train,5
SG-00338,train,4
SG-00339,train,2
SG-00341,train,7
SG-00343,train,7
SG-00344,train,5
SG-00345,train,8
SG-00347,train,5
SG-00348,train,2
SG-00349,train,4
SG-00351,train,5
SG-00353,train,8
SG-00354,train,7
SG-00355,train,2
SG-00357,train,8
SG-00358,train,2
SG-00360,train,6
SG-00361,train,8
SG-00362,train,4
SG-00363,train,6
SG-00364,train,5
SG-00366,train,5
SG-00368,train,5
SG-00369,train,5
SG-00370,train,3
SG-00371,train,4
SG-00372,train,5
SG-00373,train,8
SG-00375,train,8
SG-00377,train,8
SG-00379,train,8
SG-00380,train,3
SG-00381,train,7
SG-00382,train,3
SG-00383,train,7
SG-00384,train,4
SG-00386,train,3
SG-00388,train,2
SG-00389,train,8
SG-00390,train,5
SG-00391,train,2
SG-00393,train,6
SG-00394,train,2
SG-00395,train,2
SG-00396,train,5
SG-00397,train,5
SG-00401,train,8
SG-00404,train,8
SG-00405,train,4
SG-00407,train,6
SG-00408,train,8
SG-00409,train,5
SG-00412,train,8
SG-00416,train,5
SG-00417,train,4
SG-00419,train,7
SG-00420,train,5
SG-00421,train,5
SG-00422,train,4
SG-00423,train,4
SG-00425,train,7
SG-00426,train,2
SG-00427,train,7
SG-00428,train,4
SG-00430,train,2
SG-00431,train,2
SG-00432,train,3
SG-00434,train,8
SG-00435,train,2
SG-00436,train,2
SG-00437,train,3
SG-00444,train,2
SG-00445,train,4
SG-00448,train,7
SG-00449,train,2
SG-00450,train,5
SG-00452,train,3
SG-00453,train,2
SG-00454,train,7
SG-00455,train,4
SG-00456,train,4
SG-00458,train,8
SG-00461,train,8
SG-00462,train,7
SG-00464,train,5
SG-00466,train,7
SG-00467,train,2
SG-00468,train,2
SG-00469,train,8
SG-00470,train,4
SG-00471,train,8
SG-00472,train,3
SG-00473,train,2
SG-00474,train,8
SG-00475,train,4
SG-00476,train,3
SG-00477,train,7
SG-00478,train,5
SG-00480,train,3
SG-00481,train,3
SG-00484,train,4
SG-00485,train,4
SG-00488,train,2
SG-00490,train,7
SG-00493,train,6
SG-00494,train,8
SG-00496,train,7
SG-00498,train,4
SG-00499,train,2
SG-00501,train,5
SG-00502,train,2
SG-00503,train,8
SG-00505,train,8
SG-00506,train,2
SG-00507,train,4
SG-00508,train,4
SG-00509,train,7
SG-00510,train,3
SG-00511,train,3
SG-00512,train,8
SG-00514,train,8
SG-00515,train,8
SG-00517,train,5
SG-00518,train,3
SG-00519,train,3
SG-00520,train,5
SG-00521,train,5
SG-00523,train,5
SG-00524,train,3
SG-00525,train,8
SG-00530,train,7
SG-00531,train,6
SG-00532,train,6
SG-00533,train,3
SG-00537,train,6
SG-00538,train,3
SG-00539,train,8
SG-00540,train,3
SG-00542,train,2
SG-00543,train,7
SG-00544,train,6
SG-00545,train,6
SG-00547,train,5
SG-00548,train,2
SG-00549,train,3
SG-00550,train,7
SG-00551,train,7
SG-00552,train,6
SG-00553,train,5
SG-00554,train,5
SG-00555,train,7
SG-00557,train,8
SG-00558,train,5
SG-00559,train,6
SG-00562,train,2
SG-00564,train,3
SG-00567,train,7
SG-00568,train,3
SG-00569,train,2
SG-00572,train,8
SG-00573,train,3
SG-00574,train,6
SG-00575,train,8
SG-00576,train,2
SG-00579,train,5
SG-00580,train,3
SG-00581,train,2
SG-00582,train,5
SG-00583,train,7
SG-00584,train,3
SG-00586,train,4
SG-00587,train,3
SG-00588,train,5
SG-00589,train,7
SG-00592,train,8
SG-00594,train,7
SG-00595,train,5
SG-00596,train,2
SG-00597,train,3
SG-00599,train,7
SG-00600,train,4
SG-00601,train,4
SG-00602,train,4
SG-00603,train,2
SG-00604,train,6
SG-00607,train,2
SG-00608,train,3
SG-00609,train,8
SG-00610,train,6
SG-00611,train,4
SG-00612,train,5
SG-00613,train,4
SG-00615,train,8
SG-00616,train,7
SG-00618,train,4
SG-00619,train,7
SG-00620,train,5
SG-00622,train,2
SG-00626,train,8
SG-00627,train,3
SG-00628,train,2
SG-00629,train,7
SG-00630,train,5
SG-00631,train,3
SG-00632,train,6
SG-00633,train,3
SG-00637,train,4
SG-00638,train,2
SG-00639,train,8
SG-00640,train,7
SG-00641,train,3
SG-00644,train,8
SG-00648,train,6
SG-00649,train,6
SG-00652,train,7
SG-00654,train,7
SG-00655,train,7
SG-00656,train,2
SG-00657,train,4
SG-00658,train,8
SG-00659,train,4
SG-00660,train,7
SG-00661,train,2
SG-00663,train,5
SG-00664,train,5
SG-00665,train,5
SG-00666,train,4
SG-00667,train,7
SG-00672,train,5
SG-00673,train,2
SG-00674,train,2
SG-00675,train,3
SG-00677,train,7
SG-00678,train,6
SG-00679,train,2
SG-00680,train,4
SG-00681,train,3
SG-00682,train,8
SG-00683,train,6
SG-00684,train,5
SG-00685,train,6
SG-00686,train,3
SG-00687,train,4
SG-00689,train,8
SG-00692,train,8
SG-00693,train,3
SG-00694,train,7
SG-00695,train,3
SG-00696,train,5
SG-00697,train,3
SG-00698,train,7
SG-00699,train,8
SG-00700,train,7
SG-00701,train,6
SG-00702,train,8
SG-00703,train,8
SG-00704,train,6
SG-00705,train,5
SG-00706,train,4
SG-00710,train,8
SG-00711,train,5
SG-00712,train,2
SG-00714,train,4
SG-00716,train,8
SG-00717,train,2
SG-00718,train,8
SG-00720,train,7
SG-00721,train,5
SG-00723,train,6
SG-00724,train,6
SG-00725,train,4
SG-00727,train,8
SG-00728,train,3
SG-00729,train,8
SG-00730,train,6
SG-00731,train,4
SG-00732,train,5
SG-00734,train,6
SG-00735,train,4
SG-00738,train,7
SG-00739,train,6
SG-00740,train,4
SG-00742,train,5
SG-00743,train,2
SG-00744,train,7
SG-00745,train,6
SG-00746,train,2
SG-00748,train,5
SG-00749,train,3
SG-00751,train,3
SG-00752,train,4
SG-00756,train,8
SG-00757,train,4
SG-00758,train,3
SG-00760,train,7
SG-00762,train,7
SG-00764,train,7
SG-00766,train,7
SG-00767,train,6
SG-00768,train,7
SG-00771,train,7
SG-00772,train,4
SG-00773,train,4
SG-00774,train,6
SG-00776,train,8
SG-00777,train,4
SG-00778,train,3
SG-00780,train,5
SG-00781,train,6
SG-00784,train,2
SG-00785,train,3
SG-00786,train,4
SG-00787,train,5
SG-00789,train,7
SG-00790,train,6
SG-00791,train,5
SG-00793,train,3
SG-00794,train,4
SG-00796,train,2
SG-00797,train,3
SG-00798,train,5
SG-00799,train,2
SG-00800,train,6
SG-00801,train,5
SG-00803,train,8
SG-00804,train,3
SG-00805,train,4
SG-00807,train,2
SG-00809,train,3
SG-00811,train,5
SG-00812,train,6
SG-00813,train,2
SG-00818,train,8
SG-00819,train,3
SG-00820,train,2
SG-00822,train,7
SG-00824,train,2
SG-00826,train,4
SG-00828,train,8
SG-00830,train,3
SG-00832,train,6
SG-00834,train,3
SG-00836,train,5
SG-00838,train,4
SG-00842,train,6
SG-00843,train,4
SG-00844,train,4
SG-00846,train,5
SG-00847,train,5
SG-00848,train,3
SG-00849,train,3
SG-00851,train,5
SG-00853,train,7
SG-00854,train,5
SG-00855,train,5
SG-00856,train,7
SG-00857,train,4
SG-00859,train,3
SG-00860,train,5
SG-00861,train,2
SG-00864,train,5
SG-00865,train,8
SG-00866,train,8
SG-00867,train,4
SG-00869,train,3
SG-00870,train,5
SG-00872,train,6
SG-00873,train,8
SG-00874,train,5
SG-00875,train,5
SG-00876,train,6
SG-00877,train,8
SG-00878,train,6
SG-00879,train,4
SG-00880,train,2
SG-00881,train,4
SG-00882,train,5
SG-00883,train,3
SG-00884,train,8
SG-00885,train,3
SG-00886,train,3
SG-00890,train,4
SG-00891,train,6
SG-00892,train,2
SG-00893,train,2
SG-00895,train,7
SG-00896,train,7
SG-00897,train,4
SG-00898,train,8
SG-00899,train,5
SG-00900,train,7
SG-00901,train,8
SG-00903,train,6
SG-00906,train,2
SG-00907,train,6
SG-00908,train,4
SG-00910,train,4
SG-00912,train,6
SG-00913,train,3
SG-00914,train,5
SG-00915,train,8
SG-00918,train,7
SG-00920,train,5
SG-00921,train,8
SG-00922,train,5
SG-00923,train,8
SG-00924,train,7
SG-00925,train,8
SG-00928,train,6
SG-00934,train,6
SG-00935,train,5
SG-00936,train,2
SG-00937,train,6
SG-00938,train,3
SG-00940,train,4
SG-00941,train,5
SG-00942,train,4
SG-00943,train,6
SG-00945,train,8
SG-00946,train,8
SG-00947,train,7
SG-00948,train,2
SG-00951,train,8
SG-00952,train,8
SG-00954,train,6
SG-00955,train,7
SG-00956,train,6
SG-00957,train,6
SG-00958,train,7
SG-00959,train,5
SG-00960,train,6
SG-00961,train,8
SG-00965,train,6
SG-00966,train,6
SG-00968,train,5
SG-00969,train,6
SG-00970,train,8
SG-00971,train,3
SG-00972,train,6
SG-00973,train,8
SG-00974,train,2
SG-00975,train,4
SG-00976,train,4
SG-00977,train,8
SG-00978,train,6
SG-00980,train,6
SG-00981,train,7
SG-00982,train,2
SG-00983,train,3
SG-00984,train,5
SG-00986,train,8
SG-00992,train,7
SG-00993,train,7
SG-00994,train,7
SG-00998,train,2
SG-01000,train,3
SG-01002,train,6
SG-01004,train,3
SG-01005,train,5
SG-01006,train,3
SG-01010,train,2
SG-01011,train,6
SG-01012,train,6
SG-01013,train,5
SG-01015,train,6
SG-01017,train,5
SG-01018,train,3
SG-01019,train,5
SG-01021,train,8
SG-01022,train,7
SG-01025,train,3
SG-01026,train,3
SG-01027,train,8
SG-01028,train,6
SG-01030,train,6
SG-01031,train,5
SG-01032,train,3
SG-01034,train,3
SG-01035,train,2
SG-01036,train,8
SG-01037,train,4
SG-01038,train,6
SG-01039,train,5
SG-01041,train,8
SG-01044,train,6
SG-01045,train,7
SG-01046,train,4
SG-01048,train,2
SG-01049,train,7
SG-01050,train,3
SG-01053,train,4
SG-01054,train,7
SG-01055,train,7
SG-01060,train,8
SG-01061,train,2
SG-01062,train,5
SG-01063,train,7
SG-01064,train,2
SG-01067,train,6
SG-01068,train,8
SG-01070,train,5
SG-01071,train,7
SG-01072,train,4
SG-01073,train,8
SG-01074,train,6
SG-01076,train,7
SG-01077,train,6
SG-01078,train,2
SG-01079,train,5
SG-01080,train,5
SG-01081,train,2
SG-01084,train,8
SG-01085,train,4
SG-01086,train,6
SG-01089,train,6
SG-01091,train,7
SG-01092,train,3
SG-01094,train,3
SG-01097,train,8
SG-01098,train,4
SG-01099,train,3
SG-01101,train,3
SG-01102,train,5
SG-01103,train,6
SG-01104,train,7
SG-01105,train,7
SG-01107,train,5
SG-01108,train,6
SG-01109,train,6
SG-01110,train,2
SG-01111,train,3
SG-01112,train,6
SG-01113,train,5
SG-01114,train,5
SG-01116,train,8
SG-01117,train,4
SG-01119,train,5
SG-01121,train,2
SG-01122,train,4
SG-01123,train,8
SG-01125,train,3
SG-01126,train,5
SG-01127,train,2
SG-01129,train,2
SG-01130,train,8
SG-01131,train,3
SG-01133,train,8
SG-01134,train,4
SG-01135,train,6
SG-01136,train,5
SG-01139,train,7
SG-01140,train,8
SG-01141,train,5
SG-01142,train,5
SG-01143,train,3
SG-01145,train,2
SG-01146,train,8
SG-01148,train,6
SG-01149,train,8
SG-01150,train,3
SG-01151,train,2
SG-01152,train,6
SG-01153,train,8
SG-01154,train,2
SG-01155,train,8
SG-01156,train,3
SG-01157,train,2
SG-01158,train,6
SG-01160,train,7
SG-01161,train,6
SG-01163,train,4
SG-01164,train,7
SG-01165,train,3
SG-01166,train,8
SG-01167,train,2
SG-01168,train,4
SG-01170,train,7
SG-01171,train,6
SG-01172,train,6
SG-01173,train,8
SG-01175,train,5
SG-01176,train,3
SG-01177,train,6
SG-01178,train,4
SG-01179,train,2
SG-01181,train,2
SG-01184,train,6
SG-01185,train,8
SG-01186,train,4
SG-01188,train,2
SG-01189,train,2
SG-01190,train,4
SG-01191,train,5
SG-01192,train,3
SG-01196,train,8
SG-01198,train,2
SG-01203,train,8
SG-01204,train,2
SG-01205,train,5
SG-01206,train,6
SG-01208,train,4
SG-01209,train,5
SG-01210,train,3
SG-01213,train,7
SG-01214,train,7
SG-01216,train,5
SG-01217,train,3
SG-01218,train,3
SG-01219,train,3
SG-01221,train,4
SG-01222,train,8
SG-01223,train,6
SG-01224,train,6
SG-01225,train,5
SG-01227,train,7
SG-01228,train,8
SG-01231,train,3
SG-01232,train,8
SG-01235,train,5
SG-01236,train,6
SG-01237,train,5
SG-01238,train,6
SG-01242,train,3
SG-01243,train,4
SG-01244,train,7
SG-01245,train,3
SG-01247,train,3
SG-01248,train,6
SG-01249,train,6
SG-01251,train,3
SG-01252,train,4
SG-01255,train,7
SG-01256,train,8
SG-01257,train,4
SG-01258,train,8
SG-01259,train,4
SG-01261,train,4
SG-01262,train,2
SG-01263,train,5
SG-01264,train,8
SG-01265,train,8
SG-01266,train,7
SG-01267,train,5
SG-01268,train,7
SG-01269,train,6
SG-01270,train,6
SG-01271,train,3
SG-01272,train,4
SG-01273,train,5
SG-01274,train,7
SG-01275,train,8
SG-01277,train,8
SG-01278,train,8
SG-01284,train,5
SG-01285,train,3
SG-01286,train,5
SG-01289,train,4
SG-01290,train,7
SG-01291,train,6
SG-01292,train,8
SG-01293,train,8
SG-01294,train,8
SG-01296,train,3
SG-01298,train,5
SG-01301,train,4
SG-01302,train,5
SG-01303,train,3
SG-01304,train,3
SG-01305,train,8
SG-01306,train,5
SG-01307,train,3
SG-01310,train,5
SG-01314,train,5
SG-01315,train,5
SG-01319,train,5
SG-01320,train,2
SG-01321,train,7
SG-01322,train,2
SG-01324,train,6
SG-01326,train,6
SG-01327,train,5
SG-01328,train,8
SG-01329,train,7
SG-01330,train,5
SG-01331,train,3
SG-01332,train,6
SG-01333,train,3
SG-01334,train,4
SG-01335,train,8
SG-01336,train,6
SG-01337,train,6
SG-01338,train,2
SG-01339,train,2
SG-01340,train,6
SG-01341,train,8
SG-01342,train,2
SG-01345,train,3
SG-01346,train,8
SG-01347,train,6
SG-01349,train,8
SG-01351,train,4
SG-01353,train,4
SG-01355,train,5
SG-01356,train,6
SG-01358,train,6
SG-01360,train,6
SG-01361,train,5
SG-01362,train,7
SG-01365,train,6
SG-01367,train,6
SG-01368,train,3
SG-01369,train,8
SG-01370,train,4
SG-01371,train,7
SG-01373,train,3
SG-01374,train,3
SG-01375,train,2
SG-01376,train,4
SG-01377,train,3
SG-01379,train,6
SG-01381,train,3
SG-01383,train,8
SG-01385,train,2
SG-01386,train,3
SG-01387,train,6
SG-01388,train,7
SG-01389,train,5
SG-01390,train,2
SG-01391,train,4
SG-01392,train,6
SG-01393,train,3
SG-01396,train,3
SG-01398,train,3
SG-01399,train,4
SG-01400,train,7
SG-01401,train,5
SG-01402,train,7
SG-01404,train,3
SG-01405,train,4
SG-01406,train,4
SG-01408,train,2
SG-01412,train,2
SG-01413,train,2
SG-01415,train,6
SG-01416,train,6
SG-01417,train,4
SG-01419,train,5
SG-01420,train,5
SG-01422,train,4
SG-01423,train,8
SG-01424,train,2
SG-01426,train,5
SG-01427,train,8
SG-01428,train,4
SG-01429,train,6
SG-01430,train,7
SG-01431,train,7
SG-01432,train,8
SG-01433,train,7
SG-01434,train,8
SG-01436,train,2
SG-01437,train,4
SG-01438,train,4
SG-01439,train,6
SG-01441,train,3
SG-01442,train,5
SG-01444,train,4
SG-01445,train,3
SG-01446,train,7
SG-01448,train,4
SG-01450,train,7
SG-01451,train,2
SG-01452,train,6
SG-01453,train,8
SG-01454,train,4
SG-01455,train,2
SG-01456,train,2
SG-01457,train,7
SG-01458,train,4
SG-01459,train,6
SG-01460,train,2
SG-01461,train,4
SG-01462,train,3
SG-01463,train,7
SG-01464,train,6
SG-01465,train,5
SG-01467,train,4
SG-01468,train,3
SG-01469,train,2
SG-01470,train,7
SG-01471,train,3
SG-01472,train,6
SG-01473,train,8
SG-01474,train,6
SG-01475,train,7
SG-01476,train,7
SG-01477,train,8
SG-01478,train,3
SG-01480,train,2
SG-01482,train,2
SG-01483,train,3
SG-01484,train,3
SG-01486,train,5
SG-01488,train,4
SG-01489,train,6
SG-01490,train,8
SG-01491,train,5
SG-01492,train,2
SG-01493,train,3
SG-01494,train,4
SG-01495,train,8
SG-01496,train,8
SG-01497,train,4
SG-01498,train,5
SG-01499,train,2
SG-01501,train,6
SG-01502,train,2
SG-01503,train,4
SG-01504,train,8
SG-01505,train,7
SG-01507,train,5
SG-01510,train,4
SG-01511,train,7
SG-01512,train,3
SG-01513,train,8
SG-01515,train,3
SG-01517,train,2
SG-01518,train,6
SG-01519,train,4
SG-01520,train,8
SG-01521,train,6
SG-01522,train,6
SG-01523,train,4
SG-01524,train,6
SG-01526,train,4
SG-01530,train,3
SG-01534,train,5
SG-01536,train,8
SG-01538,train,5
SG-01539,train,8
SG-01540,train,5
SG-01542,train,2
SG-01543,train,2
SG-01544,train,6
SG-01547,train,8
SG-01552,train,8
SG-01555,train,6
SG-01558,train,2
SG-01559,train,7
SG-01560,train,7
SG-01561,train,3
SG-01563,train,5
SG-01564,train,7
SG-01567,train,2
SG-01568,train,2
SG-01569,train,6
SG-01571,train,7
SG-01572,train,5
SG-01575,train,4
SG-01576,train,4
SG-01578,train,2
SG-01581,train,6
SG-01582,train,6
SG-01583,train,6
SG-01584,train,2
SG-01586,train,4
SG-01587,train,8
SG-01588,train,5
SG-01589,train,5
SG-01590,train,5
SG-01591,train,8
SG-01592,train,4
SG-01593,train,5
SG-01594,train,8
SG-01598,train,3
SG-01599,train,7
SG-01600,train,7
SG-01601,train,8
SG-01602,train,8
SG-01606,train,7
SG-01607,train,8
SG-01608,train,3
SG-01609,train,5
SG-01610,train,8
SG-01612,train,2
SG-01613,train,8
SG-01614,train,2
SG-01615,train,4
SG-01616,train,5
SG-01618,train,3
SG-01619,train,3
SG-01620,train,8
SG-01621,train,8
SG-01623,train,2
SG-01625,train,8
SG-01626,train,2
SG-01628,train,8
SG-01629,train,6
SG-01630,train,3
SG-01632,train,2
SG-01633,train,7
SG-01635,train,3
SG-01636,train,6
SG-01637,train,2
SG-01638,train,7
SG-01639,train,4
SG-01640,train,5
SG-01641,train,4
SG-01642,train,5
SG-01643,train,4
SG-01644,train,4
SG-01647,train,3
SG-01648,train,5
SG-01649,train,4
SG-01651,train,4
SG-01652,train,2
SG-01653,train,7
SG-01654,train,6
SG-01656,train,2
SG-01657,train,3
SG-01658,train,4
SG-01660,train,6
SG-01661,train,4
SG-01663,train,7
SG-01664,train,5
SG-01665,train,2
SG-01666,train,4
SG-01667,train,2
SG-01668,train,6
SG-01669,train,6
SG-01671,train,4
SG-01672,train,8
SG-01676,train,3
SG-01677,train,3
SG-01678,train,4
SG-01679,train,4
SG-01681,train,8
SG-01682,train,2
SG-01683,train,3
SG-01684,train,3
SG-01686,train,5
SG-01687,train,5
SG-01688,train,4
SG-01689,train,3
SG-01690,train,6
SG-01691,train,3
SG-01692,train,2
SG-01693,train,2
SG-01694,train,3
SG-01695,train,7
SG-01696,train,6
SG-01697,train,3
SG-01699,train,7
SG-01700,train,8
SG-01701,train,5
SG-01702,train,5
SG-01703,train,6
SG-01705,train,7
SG-01706,train,8
SG-01707,train,8
SG-01708,train,6
SG-01709,train,2
SG-01711,train,3
SG-01712,train,4
SG-01713,train,2
SG-01714,train,4
SG-01715,train,6
SG-01716,train,7
SG-01717,train,4
SG-01719,train,6
SG-01720,train,5
SG-01722,train,7
SG-01723,train,4
SG-01724,train,3
SG-01725,train,2
SG-01726,train,8
SG-01730,train,2
SG-01739,train,2
SG-01740,train,7
SG-01741,train,4
SG-01742,train,4
SG-01744,train,5
SG-01745,train,6
SG-01748,train,2
SG-01749,train,3
SG-01750,train,6
SG-01751,train,6
SG-01753,train,8
SG-01755,train,4
SG-01758,train,6
SG-01759,train,8
SG-01760,train,6
SG-01761,train,5
SG-01762,train,7
SG-01763,train,8
SG-01764,train,6
SG-01765,train,4
SG-01766,train,2
SG-01767,train,6
SG-01768,train,7
SG-01769,train,4
SG-01770,train,4
SG-01771,train,5
SG-01773,train,4
SG-01774,train,3
SG-01775,train,7
SG-01777,train,8
SG-01778,train,4
SG-01779,train,2
SG-01780,train,4
SG-01782,train,2
SG-01783,train,6
SG-01784,train,6
SG-01785,train,8
SG-01786,train,5
SG-01788,train,4
SG-01789,train,8
SG-01790,train,4
SG-01791,train,8
SG-01792,train,6
SG-01793,train,7
SG-01795,train,7
SG-01797,train,7
SG-01798,train,8
SG-01799,train,6
SG-01800,train,5
SG-01801,train,5
SG-01804,train,5
SG-01805,train,8
SG-01807,train,8
SG-01808,train,2
SG-01812,train,3
SG-01813,train,4
SG-01815,train,5
SG-01817,train,5
SG-01818,train,8
SG-01819,train,3
SG-01820,train,3
SG-01821,train,8
SG-01822,train,2
SG-01823,train,8
SG-01824,train,7
SG-01827,train,2
SG-01829,train,4
SG-01831,train,4
SG-01832,train,2
SG-01833,train,3
SG-01834,train,8
SG-01835,train,8
SG-01839,train,5
SG-01840,train,5
SG-01841,train,7
SG-01842,train,2
SG-01844,train,7
SG-01845,train,7
SG-01848,train,6
SG-01850,train,7
SG-01851,train,3
SG-01852,train,3
SG-01853,train,6
SG-01854,train,6
SG-01856,train,7
SG-01858,train,5
SG-01859,train,6
SG-01860,train,7
SG-01861,train,7
SG-01865,train,6
SG-01866,train,5
SG-01867,train,3
SG-01868,train,5
SG-01869,train,4
SG-01870,train,6
SG-01871,train,3
SG-01872,train,6
SG-01873,train,7
SG-01874,train,6
SG-01875,train,3
SG-01877,train,7
SG-01880,train,2
SG-01882,train,4
SG-01883,train,5
SG-01884,train,6
SG-01887,train,8
SG-01888,train,7
SG-01889,train,3
SG-01890,train,8
SG-01892,train,6
SG-01893,train,3
SG-01895,train,6
SG-01899,train,5
SG-01900,train,5
SG-01903,train,7
SG-01904,train,4
SG-01905,train,4
SG-01906,train,3
SG-01907,train,4
SG-01909,train,4
SG-01913,train,8
SG-01915,train,3
SG-01917,train,8
SG-01918,train,3
SG-01919,train,3
SG-01920,train,8
SG-01921,train,2
SG-01922,train,2
SG-01923,train,8
SG-01924,train,6
SG-01925,train,7
SG-01926,train,3
SG-01927,train,7
SG-01928,train,3
SG-01929,train,7
SG-01930,train,7
SG-01932,train,5
SG-01933,train,8
SG-01934,train,3
SG-01935,train,2
SG-01936,train,8
SG-01937,train,5
SG-01938,train,2
SG-01939,train,7
SG-01941,train,2
SG-01944,train,2
SG-01945,train,5
SG-01946,train,3
SG-01947,train,4
SG-01949,train,2
SG-01954,train,4
SG-01956,train,6
SG-01958,train,8
SG-01959,train,2
SG-01960,train,5
SG-01961,train,4
SG-01962,train,4
SG-01964,train,4
SG-01965,train,5
SG-01966,train,2
SG-01967,train,4
SG-01969,train,6
SG-01973,train,2
SG-01974,train,5
SG-01975,train,4
SG-01976,train,4
SG-01977,train,7
SG-01979,train,3
SG-01980,train,3
SG-01981,train,3
SG-01982,train,7
SG-01983,train,6
SG-01984,train,6
SG-01985,train,6
SG-01986,train,5
SG-01987,train,8
SG-01989,train,4
SG-01990,train,8
SG-01991,train,5
SG-01992,train,4
SG-01994,train,3
SG-01996,train,5
SG-01997,train,8
SG-01998,train,4
SG-01999,train,6
SG-02000,train,4
SG-02001,train,3
SG-02004,train,8
SG-02005,train,3
SG-02006,train,6
SG-02007,train,2
SG-02009,train,6
SG-02010,train,3
SG-02011,train,7
SG-02013,train,5
SG-02014,train,5
SG-02017,train,3
SG-02018,train,2
SG-02020,train,6
SG-02022,train,8
SG-02023,train,3
SG-02024,train,7
SG-02025,train,5
SG-02026,train,2
SG-02027,train,4
SG-02028,train,7
SG-02029,train,2
SG-02030,train,7
SG-02031,train,5
SG-02032,train,4
SG-02033,train,6
SG-02034,train,2
SG-02035,train,8
SG-02037,train,8
SG-02038,train,3
SG-02039,train,6
SG-02040,train,2
SG-02041,train,6
SG-02042,train,4
SG-02046,train,4
SG-02047,train,5
SG-02048,train,5
SG-02049,train,5
SG-02050,train,4
SG-02051,train,8
SG-02052,train,6
SG-02053,train,2
SG-02054,train,3
SG-02055,train,8
SG-02057,train,7
SG-02058,train,7
SG-02059,train,3
SG-02060,train,5
SG-02061,train,8
SG-02063,train,3
SG-02064,train,3
SG-02066,train,5
SG-02069,train,6
SG-02070,train,4
SG-02071,train,6
SG-02072,train,3
SG-02073,train,3
SG-02075,train,5
SG-02076,train,7
SG-02079,train,4
SG-02080,train,6
SG-02082,train,4
SG-02084,train,8
SG-02085,train,7
SG-02089,train,6
SG-02090,train,6
SG-02091,train,7
SG-02092,train,5
SG-02093,train,8
SG-02094,train,4
SG-02095,train,5
SG-02096,train,4
SG-02099,train,6
SG-02102,train,8
SG-02103,train,3
SG-02104,train,7
SG-02105,train,2
SG-02106,train,7
SG-02107,train,2
SG-02109,train,6
SG-02110,train,4
SG-02113,train,7
SG-02117,train,5
SG-02118,train,5
SG-02119,train,4
SG-02120,train,5
SG-02121,train,8
SG-02124,train,2
SG-02125,train,2
SG-02127,train,3
SG-02128,train,2
SG-02129,train,2
SG-02130,train,2
SG-02131,train,7
SG-02132,train,6
SG-02133,train,6
SG-02135,train,8
SG-02136,train,3
SG-02137,train,3
SG-02138,train,7
SG-02140,train,2
SG-02141,train,2
SG-02142,train,7
SG-02143,train,7
SG-02144,train,8
SG-02145,train,8
SG-02146,train,2
SG-02147,train,3
SG-02148,train,6
SG-02149,train,8
SG-02152,train,3
SG-02154,train,2
SG-02159,train,4
SG-02160,train,2
SG-02162,train,5
SG-02163,train,4
SG-02164,train,7
SG-02165,train,7
SG-02167,train,7
SG-02168,train,4
SG-02172,train,6
SG-02173,train,3
SG-02174,train,8
SG-02175,train,3
SG-02176,train,7
SG-02178,train,4
SG-02179,train,7
SG-02180,train,8
SG-02181,train,3
SG-02182,train,4
SG-02184,train,4
SG-02186,train,8
SG-02189,train,7
SG-02191,train,3
SG-02192,train,2
SG-02193,train,8
SG-02194,train,5
SG-02195,train,8
SG-02196,train,2
SG-02197,train,8
SG-02198,train,3
SG-02199,train,7
SG-02200,train,8
SG-02201,train,6
SG-02202,train,8
SG-02203,train,6
SG-02204,train,7
SG-02205,train,6
SG-02206,train,2
SG-02207,train,2
SG-02208,train,2
SG-02211,train,4
SG-02212,train,6
SG-02213,train,8
SG-02215,train,5
SG-02217,train,5
SG-02218,train,5
SG-02220,train,3
SG-02221,train,8
SG-02222,train,7
SG-02223,train,8
SG-02224,train,5
SG-02225,train,3
SG-02228,train,8
SG-02229,train,5
SG-02230,train,7
SG-02231,train,7
SG-02232,train,2
SG-02233,train,4
SG-02234,train,7
SG-02237,train,3
SG-02239,train,6
SG-02240,train,4
SG-02242,train,5
SG-02243,train,5
SG-02244,train,2
SG-02245,train,7
SG-02246,train,7
SG-02251,train,8
SG-02253,train,5
SG-02255,train,7
SG-02256,train,8
SG-02257,train,4
SG-02259,train,2
SG-02262,train,5
SG-02263,train,4
SG-02265,train,4
SG-02266,train,3
SG-02267,train,8
SG-02268,train,5
SG-02269,train,2
SG-02270,train,3
SG-02271,train,7
SG-02273,train,4
SG-02276,train,7
SG-02278,train,3
SG-02281,train,8
SG-02283,train,2
SG-02284,train,4
SG-02286,train,4
SG-02287,train,2
SG-02288,train,6
SG-02289,train,3
SG-02295,train,4
SG-02296,train,3
SG-02297,train,6
SG-02299,train,4
SG-02301,train,2
SG-02303,train,3
SG-02304,train,4
SG-02305,train,7
SG-02308,train,8
SG-02309,train,6
SG-02310,train,7
SG-02311,train,2
SG-02312,train,2
SG-02316,train,8
SG-02317,train,3
SG-02318,train,8
SG-02319,train,8
SG-02321,train,4
SG-02322,train,8
SG-02325,train,8
SG-02326,train,3
SG-02327,train,7
SG-02328,train,3
SG-02329,train,8
SG-02330,train,4
SG-02331,train,6
SG-02333,train,8
SG-02334,train,6
SG-02335,train,5
SG-02337,train,4
SG-02338,train,8
SG-02339,train,5
SG-02340,train,4
SG-02341,train,5
SG-02342,train,2
SG-02343,train,5
SG-02344,train,6
SG-02347,train,4
SG-02348,train,8
SG-02350,train,8
SG-02351,train,5
SG-02353,train,5
SG-02354,train,5
SG-02357,train,5
SG-02358,train,4
SG-02359,train,2
SG-02360,train,3
SG-02361,train,7
SG-02362,train,6
SG-02363,train,2
SG-02365,train,8
SG-02366,train,8
SG-02367,train,8
SG-02368,train,7
SG-02370,train,8
SG-02373,train,3
SG-02374,train,5
SG-02375,train,8
SG-02376,train,2
SG-02377,train,4
SG-02378,train,4
SG-02380,train,8
SG-02381,train,4
SG-02382,train,2
SG-02383,train,4
SG-02384,train,6
SG-02386,train,7
SG-02387,train,4
SG-02389,train,3
SG-02390,train,6
SG-02392,train,7
SG-02393,train,6
SG-02394,train,8
SG-02398,train,4
SG-02400,train,8
SG-00004,validation,7
SG-00019,validation,2
SG-00023,validation,4
SG-00033,validation,8
SG-00035,validation,5
SG-00038,validation,6
SG-00047,validation,2
SG-00057,validation,8
SG-00060,validation,4
SG-00073,validation,2
SG-00075,validation,8
SG-00086,validation,6
SG-00093,validation,2
SG-00105,validation,3
SG-00115,validation,8
SG-00116,validation,3
SG-00121,validation,8
SG-00122,validation,8
SG-00125,validation,5
SG-00138,validation,3
SG-00154,validation,8
SG-00155,validation,4
SG-00156,validation,3
SG-00160,validation,8
SG-00164,validation,3
SG-00165,validation,3
SG-00184,validation,8
SG-00189,validation,7
SG-00195,validation,8
SG-00197,validation,5
SG-00205,validation,8
SG-00206,validation,6
SG-00207,validation,3
SG-00208,validation,7
SG-00211,validation,6
SG-00212,validation,8
SG-00222,validation,5
SG-00227,validation,2
SG-00229,validation,7
SG-00241,validation,4
SG-00256,validation,8
SG-00263,validation,4
SG-00266,validation,5
SG-00267,validation,4
SG-00272,validation,7
SG-00273,validation,6
SG-00289,validation,4
SG-00292,validation,4
SG-00304,validation,8
SG-00317,validation,8
SG-00331,validation,4
SG-00342,validation,2
SG-00352,validation,2
SG-00359,validation,6
SG-00374,validation,5
SG-00376,validation,4
SG-00378,validation,3
SG-00385,validation,6
SG-00387,validation,3
SG-00400,validation,6
SG-00403,validation,6
SG-00406,validation,2
SG-00410,validation,5
SG-00413,validation,3
SG-00414,validation,2
SG-00418,validation,4
SG-00440,validation,3
SG-00442,validation,8
SG-00446,validation,8
SG-00465,validation,7
SG-00479,validation,7
SG-00482,validation,2
SG-00483,validation,7
SG-00487,validation,3
SG-00497,validation,8
SG-00513,validation,3
SG-00522,validation,4
SG-00527,validation,3
SG-00528,validation,8
SG-00541,validation,6
SG-00560,validation,5
SG-00561,validation,5
SG-00566,validation,6
SG-00570,validation,2
SG-00571,validation,3
SG-00577,validation,4
SG-00578,validation,7
SG-00585,validation,6
SG-00590,validation,4
SG-00591,validation,7
SG-00593,validation,5
SG-00598,validation,8
SG-00606,validation,6
SG-00614,validation,2
SG-00617,validation,4
SG-00621,validation,6
SG-00623,validation,3
SG-00624,validation,6
SG-00625,validation,3
SG-00635,validation,2
SG-00636,validation,6
SG-00645,validation,2
SG-00646,validation,5
SG-00647,validation,6
SG-00650,validation,2
SG-00651,validation,5
SG-00653,validation,3
SG-00669,validation,3
SG-00671,validation,7
SG-00709,validation,2
SG-00713,validation,7
SG-00715,validation,8
SG-00726,validation,8
SG-00737,validation,4
SG-00741,validation,6
SG-00754,validation,7
SG-00755,validation,3
SG-00759,validation,5
SG-00763,validation,5
SG-00769,validation,8
SG-00770,validation,2
SG-00775,validation,5
SG-00783,validation,5
SG-00792,validation,2
SG-00795,validation,3
SG-00802,validation,6
SG-00814,validation,3
SG-00815,validation,3
SG-00816,validation,8
SG-00823,validation,4
SG-00825,validation,5
SG-00827,validation,2
SG-00833,validation,8
SG-00840,validation,4
SG-00850,validation,3
SG-00858,validation,7
SG-00871,validation,6
SG-00888,validation,8
SG-00889,validation,5
SG-00902,validation,8
SG-00904,validation,4
SG-00905,validation,4
SG-00911,validation,4
SG-00917,validation,5
SG-00919,validation,5
SG-00926,validation,3
SG-00929,validation,6
SG-00930,validation,5
SG-00933,validation,3
SG-00944,validation,7
SG-00953,validation,6
SG-00964,validation,2
SG-00989,validation,6
SG-00990,validation,2
SG-00991,validation,2
SG-00995,validation,8
SG-00997,validation,5
SG-01001,validation,3
SG-01003,validation,5
SG-01007,validation,5
SG-01009,validation,4
SG-01016,validation,8
SG-01020,validation,3
SG-01033,validation,6
SG-01051,validation,6
SG-01056,validation,5
SG-01058,validation,8
SG-01065,validation,3
SG-01069,validation,7
SG-01075,validation,3
SG-01083,validation,7
SG-01087,validation,4
SG-01088,validation,2
SG-01095,validation,5
SG-01096,validation,3
SG-01106,validation,5
SG-01132,validation,2
SG-01137,validation,4
SG-01144,validation,3
SG-01169,validation,8
SG-01180,validation,2
SG-01193,validation,7
SG-01194,validation,3
SG-01197,validation,3
SG-01199,validation,3
SG-01201,validation,3
SG-01202,validation,4
SG-01207,validation,5
SG-01226,validation,8
SG-01229,validation,4
SG-01230,validation,2
SG-01233,validation,4
SG-01234,validation,6
SG-01240,validation,2
SG-01250,validation,8
SG-01281,validation,8
SG-01283,validation,4
SG-01299,validation,3
SG-01300,validation,7
SG-01311,validation,5
SG-01312,validation,8
SG-01313,validation,7
SG-01323,validation,5
SG-01343,validation,5
SG-01344,validation,7
SG-01348,validation,4
SG-01359,validation,3
SG-01380,validation,2
SG-01407,validation,6
SG-01411,validation,5
SG-01418,validation,7
SG-01425,validation,2
SG-01435,validation,3
SG-01440,validation,3
SG-01447,validation,5
SG-01449,validation,8
SG-01479,validation,5
SG-01481,validation,6
SG-01485,validation,4
SG-01487,validation,3
SG-01516,validation,6
SG-01532,validation,8
SG-01537,validation,8
SG-01548,validation,8
SG-01549,validation,2
SG-01550,validation,3
SG-01556,validation,2
SG-01557,validation,7
SG-01566,validation,8
SG-01570,validation,7
SG-01577,validation,2
SG-01579,validation,8
SG-01585,validation,8
SG-01595,validation,8
SG-01597,validation,7
SG-01604,validation,8
SG-01605,validation,8
SG-01645,validation,6
SG-01646,validation,8
SG-01655,validation,2
SG-01674,validation,4
SG-01675,validation,2
SG-01685,validation,3
SG-01704,validation,4
SG-01710,validation,7
SG-01718,validation,2
SG-01721,validation,3
SG-01728,validation,5
SG-01731,validation,6
SG-01732,validation,4
SG-01735,validation,4
SG-01737,validation,8
SG-01746,validation,6
SG-01752,validation,2
SG-01754,validation,6
SG-01756,validation,3
SG-01757,validation,3
SG-01772,validation,5
SG-01781,validation,5
SG-01796,validation,6
SG-01802,validation,2
SG-01806,validation,2
SG-01809,validation,4
SG-01814,validation,2
SG-01826,validation,7
SG-01828,validation,6
SG-01830,validation,4
SG-01836,validation,6
SG-01838,validation,7
SG-01846,validation,8
SG-01847,validation,6
SG-01849,validation,8
SG-01855,validation,7
SG-01863,validation,3
SG-01864,validation,8
SG-01876,validation,4
SG-01878,validation,4
SG-01879,validation,3
SG-01885,validation,5
SG-01891,validation,3
SG-01894,validation,4
SG-01896,validation,5
SG-01898,validation,3
SG-01908,validation,7
SG-01910,validation,3
SG-01911,validation,7
SG-01914,validation,6
SG-01931,validation,8
SG-01940,validation,8
SG-01948,validation,6
SG-01953,validation,7
SG-01963,validation,6
SG-01972,validation,4
SG-01978,validation,4
SG-02003,validation,4
SG-02008,validation,6
SG-02015,validation,3
SG-02019,validation,5
SG-02021,validation,5
SG-02044,validation,5
SG-02056,validation,8
SG-02067,validation,8
SG-02074,validation,2
SG-02078,validation,5
SG-02097,validation,3
SG-02100,validation,3
SG-02101,validation,5
SG-02108,validation,4
SG-02111,validation,7
SG-02115,validation,7
SG-02116,validation,6
SG-02123,validation,8
SG-02126,validation,5
SG-02134,validation,4
SG-02150,validation,5
SG-02161,validation,2
SG-02169,validation,4
SG-02170,validation,7
SG-02177,validation,2
SG-02183,validation,8
SG-02185,validation,7
SG-02187,validation,8
SG-02210,validation,4
SG-02216,validation,8
SG-02219,validation,6
SG-02235,validation,5
SG-02241,validation,8
SG-02247,validation,6
SG-02248,validation,6
SG-02249,validation,7
SG-02250,validation,8
SG-02254,validation,6
SG-02258,validation,5
SG-02260,validation,3
SG-02264,validation,6
SG-02272,validation,5
SG-02274,validation,4
SG-02275,validation,3
SG-02280,validation,2
SG-02282,validation,3
SG-02285,validation,5
SG-02290,validation,2
SG-02293,validation,2
SG-02300,validation,6
SG-02302,validation,8
SG-02313,validation,2
SG-02314,validation,5
SG-02315,validation,3
SG-02323,validation,6
SG-02352,validation,5
SG-02355,validation,6
SG-02356,validation,7
SG-02364,validation,5
SG-02369,validation,6
SG-02371,validation,4
SG-02385,validation,4
SG-02391,validation,5
SG-02396,validation,8
SG-02397,validation,2
SG-02399,validation,3
SG-00006,test,4
SG-00014,test,5
SG-00042,test,5
SG-00043,test,8
SG-00050,test,6
SG-00053,test,2
SG-00055,test,8
SG-00059,test,3
SG-00064,test,6
SG-00066,test,3
SG-00077,test,6
SG-00082,test,6
SG-00090,test,8
SG-00094,test,4
SG-00096,test,4
SG-00106,test,3
SG-00119,test,3
SG-00146,test,5
SG-00150,test,8
SG-00161,test,2
SG-00162,test,7
SG-00163,test,2
SG-00168,test,5
SG-00183,test,3
SG-00191,test,7
SG-00228,test,3
SG-00248,test,5
SG-00252,test,2
SG-00262,test,7
SG-00265,test,6
SG-00271,test,7
SG-00276,test,6
SG-00278,test,6
SG-00280,test,3
SG-00287,test,8
SG-00288,test,3
SG-00291,test,6
SG-00295,test,3
SG-00296,test,3
SG-00302,test,8
SG-00315,test,3
SG-00321,test,4
SG-00324,test,5
SG-00326,test,6
SG-00334,test,6
SG-00340,test,3
SG-00346,test,4
SG-00350,test,6
SG-00356,test,7
SG-00365,test,3
SG-00367,test,8
SG-00392,test,7
SG-00398,test,2
SG-00399,test,5
SG-00402,test,2
SG-00411,test,2
SG-00415,test,6
SG-00424,test,8
SG-00429,test,2
SG-00433,test,6
SG-00438,test,5
SG-00439,test,6
SG-00441,test,5
SG-00443,test,3
SG-00447,test,2
SG-00451,test,3
SG-00457,test,3
SG-00459,test,7
SG-00460,test,8
SG-00463,test,2
SG-00486,test,5
SG-00489,test,4
SG-00491,test,8
SG-00492,test,5
SG-00495,test,6
SG-00500,test,8
SG-00504,test,7
SG-00516,test,7
SG-00526,test,2
SG-00529,test,5
SG-00534,test,5
SG-00535,test,6
SG-00536,test,8
SG-00546,test,7
SG-00556,test,6
SG-00563,test,4
SG-00565,test,6
SG-00605,test,6
SG-00634,test,5
SG-00642,test,3
SG-00643,test,8
SG-00662,test,6
SG-00668,test,7
SG-00670,test,5
SG-00676,test,8
SG-00688,test,7
SG-00690,test,8
SG-00691,test,4
SG-00707,test,6
SG-00708,test,7
SG-00719,test,5
SG-00722,test,7
SG-00733,test,6
SG-00736,test,5
SG-00747,test,4
SG-00750,test,4
SG-00753,test,2
SG-00761,test,6
SG-00765,test,7
SG-00779,test,6
SG-00782,test,5
SG-00788,test,5
SG-00806,test,3
SG-00808,test,8
SG-00810,test,5
SG-00817,test,6
SG-00821,test,7
SG-00829,test,7
SG-00831,test,4
SG-00835,test,5
SG-00837,test,5
SG-00839,test,6
SG-00841,test,8
SG-00845,test,8
SG-00852,test,3
SG-00862,test,8
SG-00863,test,4
SG-00868,test,6
SG-00887,test,6
SG-00894,test,6
SG-00909,test,5
SG-00916,test,5
SG-00927,test,2
SG-00931,test,5
SG-00932,test,8
SG-00939,test,3
SG-00949,test,8
SG-00950,test,8
SG-00962,test,8
SG-00963,test,5
SG-00967,test,6
SG-00979,test,5
SG-00985,test,7
SG-00987,test,3
SG-00988,test,3
SG-00996,test,2
SG-00999,test,8
SG-01008,test,2
SG-01014,test,2
SG-01023,test,4
SG-01024,test,2
SG-01029,test,8
SG-01040,test,4
SG-01042,test,7
SG-01043,test,3
SG-01047,test,6
SG-01052,test,5
SG-01057,test,7
SG-01059,test,4
SG-01066,test,6
SG-01082,test,5
SG-01090,test,6
SG-01093,test,3
SG-01100,test,2
SG-01115,test,7
SG-01118,test,5
SG-01120,test,3
SG-01124,test,3
SG-01128,test,6
SG-01138,test,5
SG-01147,test,6
SG-01159,test,5
SG-01162,test,4
SG-01174,test,4
SG-01182,test,2
SG-01183,test,2
SG-01187,test,2
SG-01195,test,3
SG-01200,test,4
SG-01211,test,2
SG-01212,test,8
SG-01215,test,4
SG-01220,test,8
SG-01239,test,8
SG-01241,test,3
SG-01246,test,6
SG-01253,test,4
SG-01254,test,8
SG-01260,test,4
SG-01276,test,4
SG-01279,test,4
SG-01280,test,5
SG-01282,test,6
SG-01287,test,4
SG-01288,test,6
SG-01295,test,5
SG-01297,test,3
SG-01308,test,3
SG-01309,test,7
SG-01316,test,5
SG-01317,test,3
SG-01318,test,2
SG-01325,test,4
SG-01350,test,8
SG-01352,test,5
SG-01354,test,3
SG-01357,test,2
SG-01363,test,2
SG-01364,test,3
SG-01366,test,6
SG-01372,test,7
SG-01378,test,5
SG-01382,test,7
SG-01384,test,6
SG-01394,test,8
SG-01395,test,7
SG-01397,test,6
SG-01403,test,5
SG-01409,test,6
SG-01410,test,2
SG-01414,test,3
SG-01421,test,2
SG-01443,test,4
SG-01466,test,7
SG-01500,test,7
SG-01506,test,3
SG-01508,test,8
SG-01509,test,3
SG-01514,test,6
SG-01525,test,7
SG-01527,test,2
SG-01528,test,5
SG-01529,test,6
SG-01531,test,2
SG-01533,test,4
SG-01535,test,3
SG-01541,test,3
SG-01545,test,6
SG-01546,test,6
SG-01551,test,8
SG-01553,test,7
SG-01554,test,2
SG-01562,test,2
SG-01565,test,2
SG-01573,test,3
SG-01574,test,7
SG-01580,test,5
SG-01596,test,2
SG-01603,test,6
SG-01611,test,4
SG-01617,test,4
SG-01622,test,3
SG-01624,test,6
SG-01627,test,4
SG-01631,test,4
SG-01634,test,6
SG-01650,test,7
SG-01659,test,4
SG-01662,test,2
SG-01670,test,3
SG-01673,test,2
SG-01680,test,7
SG-01698,test,4
SG-01727,test,3
SG-01729,test,7
SG-01733,test,3
SG-01734,test,3
SG-01736,test,4
SG-01738,test,3
SG-01743,test,4
SG-01747,test,6
SG-01776,test,5
SG-01787,test,2
SG-01794,test,6
SG-01803,test,4
SG-01810,test,4
SG-01811,test,7
SG-01816,test,3
SG-01825,test,5
SG-01837,test,3
SG-01843,test,7
SG-01857,test,6
SG-01862,test,7
SG-01881,test,8
SG-01886,test,7
SG-01897,test,2
SG-01901,test,4
SG-01902,test,2
SG-01912,test,4
SG-01916,test,6
SG-01942,test,8
SG-01943,test,2
SG-01950,test,8
SG-01951,test,4
SG-01952,test,2
SG-01955,test,5
SG-01957,test,3
SG-01968,test,5
SG-01970,test,5
SG-01971,test,6
SG-01988,test,6
SG-01993,test,7
SG-01995,test,2
SG-02002,test,2
SG-02012,test,7
SG-02016,test,2
SG-02036,test,3
SG-02043,test,4
SG-02045,test,2
SG-02062,test,7
SG-02065,test,8
SG-02068,test,6
SG-02077,test,8
SG-02081,test,3
SG-02083,test,4
SG-02086,test,7
SG-02087,test,2
SG-02088,test,8
SG-02098,test,4
SG-02112,test,5
SG-02114,test,5
SG-02122,test,5
SG-02139,test,8
SG-02151,test,5
SG-02153,test,8
SG-02155,test,5
SG-02156,test,7
SG-02157,test,5
SG-02158,test,3
SG-02166,test,8
SG-02171,test,8
SG-02188,test,7
SG-02190,test,6
SG-02209,test,4
SG-02214,test,2
SG-02226,test,2
SG-02227,test,4
SG-02236,test,4
SG-02238,test,2
SG-02252,test,4
SG-02261,test,2
SG-02277,test,7
SG-02279,test,6
SG-02291,test,2
SG-02292,test,5
SG-02294,test,3
SG-02298,test,5
SG-02306,test,5
SG-02307,test,7
SG-02320,test,2
SG-02324,test,3
SG-02332,test,7
SG-02336,test,2
SG-02345,test,8
SG-02346,test,5
SG-02349,test,7
SG-02372,test,7
SG-02379,test,8
SG-02388,test,6
SG-02395,test,4
