scenario_group_id,split
SG-00001,train
SG-00002,train
SG-00003,train
SG-00004,train
SG-00005,validation
SG-00006,test
SG-00007,train
SG-00008,validation
SG-00009,train
SG-00010,train
SG-00011,train
SG-00012,train
SG-00013,train
SG-00014,test
SG-00015,train
SG-00016,train
SG-00017,train
SG-00018,train
SG-00019,train
SG-00020,train
SG-00021,train
SG-00022,validation
SG-00023,validation
SG-00024,train
SG-00025,validation
SG-00026,train
SG-00027,train
SG-00028,train
SG-00029,train
SG-00030,validation
SG-00031,train
SG-00032,validation
SG-00033,train
SG-00034,train
SG-00035,train
SG-00036,train
SG-00037,train
SG-00038,train
SG-00039,train
SG-00040,train
SG-00041,train
SG-00042,test
SG-00043,test
SG-00044,train
SG-00045,train
SG-00046,train
SG-00047,train
SG-00048,train
SG-00049,train
SG-00050,test
SG-00051,validation
SG-00052,train
SG-00053,test
SG-00054,train
SG-00055,test
SG-00056,train
SG-00057,train
SG-00058,train
SG-00059,test
SG-00060,train
SG-00061,validation
SG-00062,train
SG-00063,validation
SG-00064,test
SG-00065,train
SG-00066,test
SG-00067,train
SG-00068,train
SG-00069,validation
SG-00070,train
SG-00071,validation
SG-00072,train
SG-00073,train
SG-00074,train
SG-00075,train
SG-00076,train
SG-00077,test
SG-00078,train
SG-00079,train
SG-00080,validation
SG-00081,train
SG-00082,test
SG-00083,train
SG-00084,train
SG-00085,train
SG-00086,train
SG-00087,train
SG-00088,validation
SG-00089,train
SG-00090,test
SG-00091,train
SG-00092,train
SG-00093,validation
SG-00094,test
SG-00095,train
SG-00096,test
SG-00097,train
SG-00098,train
SG-00099,train
SG-00100,validation
SG-00101,train
SG-00102,train
SG-00103,validation
SG-00104,train
SG-00105,train
SG-00106,test
SG-00107,validation
SG-00108,train
SG-00109,train
SG-00110,train
SG-00111,train
SG-00112,train
SG-00113,train
SG-00114,train
SG-00115,train
SG-00116,validation
SG-00117,train
SG-00118,train
SG-00119,test
SG-00120,train
SG-00121,train
SG-00122,train
SG-00123,train
SG-00124,train
SG-00125,train
SG-00126,train
SG-00127,train
SG-00128,train
SG-00129,train
SG-00130,train
SG-00131,train
SG-00132,train
SG-00133,train
SG-00134,train
SG-00135,train
SG-00136,train
SG-00137,train
SG-00138,validation
SG-00139,train
SG-00140,train
SG-00141,train
SG-00142,train
SG-00143,train
SG-00144,train
SG-00145,validation
SG-00146,test
SG-00147,train
SG-00148,train
SG-00149,validation
SG-00150,test
SG-00151,train
SG-00152,train
SG-00153,validation
SG-00154,train
SG-00155,train
SG-00156,train
SG-00157,validation
SG-00158,validation
SG-00159,train
SG-00160,train
SG-00161,test
SG-00162,test
SG-00163,test
SG-00164,train
SG-00165,train
SG-00166,train
SG-00167,train
SG-00168,test
SG-00169,validation
SG-00170,train
SG-00171,train
SG-00172,validation
SG-00173,validation
SG-00174,train
SG-00175,train
SG-00176,train
SG-00177,train
SG-00178,train
SG-00179,train
SG-00180,train
SG-00181,train
SG-00182,train
SG-00183,test
SG-00184,train
SG-00185,train
SG-00186,train
SG-00187,train
SG-00188,train
SG-00189,train
SG-00190,train
SG-00191,test
SG-00192,train
SG-00193,train
SG-00194,validation
SG-00195,train
SG-00196,train
SG-00197,train
SG-00198,train
SG-00199,validation
SG-00200,train
SG-00201,train
SG-00202,train
SG-00203,train
SG-00204,train
SG-00205,train
SG-00206,train
SG-00207,train
SG-00208,train
SG-00209,train
SG-00210,train
SG-00211,train
SG-00212,train
SG-00213,train
SG-00214,train
SG-00215,train
SG-00216,train
SG-00217,train
SG-00218,train
SG-00219,validation
SG-00220,train
SG-00221,train
SG-00222,validation
SG-00223,train
SG-00224,train
SG-00225,train
SG-00226,train
SG-00227,validation
SG-00228,test
SG-00229,validation
SG-00230,validation
SG-00231,validation
SG-00232,validation
SG-00233,train
SG-00234,train
SG-00235,train
SG-00236,train
SG-00237,train
SG-00238,validation
SG-00239,train
SG-00240,train
SG-00241,train
SG-00242,train
SG-00243,train
SG-00244,train
SG-00245,train
SG-00246,train
SG-00247,train
SG-00248,test
SG-00249,train
SG-00250,train
SG-00251,train
SG-00252,test
SG-00253,train
SG-00254,train
SG-00255,train
SG-00256,train
SG-00257,train
SG-00258,train
SG-00259,train
SG-00260,train
SG-00261,train
SG-00262,test
SG-00263,train
SG-00264,train
SG-00265,test
SG-00266,train
SG-00267,train
SG-00268,train
SG-00269,validation
SG-00270,train
SG-00271,test
SG-00272,train
SG-00273,validation
SG-00274,train
SG-00275,validation
SG-00276,test
SG-00277,train
SG-00278,test
SG-00279,train
SG-00280,test
SG-00281,validation
SG-00282,train
SG-00283,validation
SG-00284,train
SG-00285,train
SG-00286,train
SG-00287,test
SG-00288,test
SG-00289,train
SG-00290,train
SG-00291,test
SG-00292,train
SG-00293,train
SG-00294,train
SG-00295,test
SG-00296,test
SG-00297,train
SG-00298,train
SG-00299,train
SG-00300,train
SG-00301,train
SG-00302,test
SG-00303,train
SG-00304,train
SG-00305,train
SG-00306,train
SG-00307,train
SG-00308,train
SG-00309,validation
SG-00310,train
SG-00311,train
SG-00312,train
SG-00313,train
SG-00314,validation
SG-00315,test
SG-00316,train
SG-00317,train
SG-00318,validation
SG-00319,validation
SG-00320,validation
SG-00321,test
SG-00322,validation
SG-00323,train
SG-00324,test
SG-00325,validation
SG-00326,test
SG-00327,train
SG-00328,train
SG-00329,validation
SG-00330,train
SG-00331,train
SG-00332,train
SG-00333,train
SG-00334,test
SG-00335,validation
SG-00336,train
SG-00337,validation
SG-00338,train
SG-00339,train
SG-00340,test
SG-00341,train
SG-00342,train
SG-00343,train
SG-00344,train
SG-00345,validation
SG-00346,test
SG-00347,train
SG-00348,validation
SG-00349,train
SG-00350,test
SG-00351,train
SG-00352,train
SG-00353,train
SG-00354,validation
SG-00355,train
SG-00356,test
SG-00357,validation
SG-00358,train
SG-00359,train
SG-00360,train
SG-00361,train
SG-00362,train
SG-00363,train
SG-00364,train
SG-00365,test
SG-00366,train
SG-00367,test
SG-00368,train
SG-00369,train
SG-00370,train
SG-00371,train
SG-00372,validation
SG-00373,train
SG-00374,validation
SG-00375,train
SG-00376,train
SG-00377,train
SG-00378,train
SG-00379,train
SG-00380,train
SG-00381,train
SG-00382,train
SG-00383,train
SG-00384,train
SG-00385,train
SG-00386,train
SG-00387,train
SG-00388,train
SG-00389,train
SG-00390,train
SG-00391,train
SG-00392,test
SG-00393,train
SG-00394,train
SG-00395,train
SG-00396,train
SG-00397,train
SG-00398,test
SG-00399,test
SG-00400,train
SG-00401,train
SG-00402,test
SG-00403,train
SG-00404,train
SG-00405,train
SG-00406,train
SG-00407,train
SG-00408,train
SG-00409,train
SG-00410,train
SG-00411,test
SG-00412,train
SG-00413,train
SG-00414,train
SG-00415,test
SG-00416,train
SG-00417,train
SG-00418,train
SG-00419,train
SG-00420,validation
SG-00421,validation
SG-00422,train
SG-00423,train
SG-00424,test
SG-00425,train
SG-00426,validation
SG-00427,validation
SG-00428,train
SG-00429,test
SG-00430,train
SG-00431,validation
SG-00432,train
SG-00433,test
SG-00434,validation
SG-00435,train
SG-00436,train
SG-00437,train
SG-00438,test
SG-00439,test
SG-00440,train
SG-00441,test
SG-00442,train
SG-00443,test
SG-00444,train
SG-00445,validation
SG-00446,train
SG-00447,test
SG-00448,train
SG-00449,train
SG-00450,train
SG-00451,test
SG-00452,train
SG-00453,train
SG-00454,train
SG-00455,train
SG-00456,train
SG-00457,test
SG-00458,train
SG-00459,test
SG-00460,test
SG-00461,train
SG-00462,train
SG-00463,test
SG-00464,train
SG-00465,validation
SG-00466,train
SG-00467,validation
SG-00468,train
SG-00469,validation
SG-00470,train
SG-00471,train
SG-00472,train
SG-00473,validation
SG-00474,validation
SG-00475,validation
SG-00476,train
SG-00477,train
SG-00478,train
SG-00479,train
SG-00480,train
SG-00481,train
SG-00482,train
SG-00483,train
SG-00484,train
SG-00485,train
SG-00486,test
SG-00487,train
SG-00488,train
SG-00489,test
SG-00490,train
SG-00491,test
SG-00492,test
SG-00493,train
SG-00494,train
SG-00495,test
SG-00496,train
SG-00497,validation
SG-00498,train
SG-00499,train
SG-00500,test
SG-00501,train
SG-00502,train
SG-00503,train
SG-00504,test
SG-00505,train
SG-00506,train
SG-00507,train
SG-00508,train
SG-00509,train
SG-00510,train
SG-00511,train
SG-00512,train
SG-00513,train
SG-00514,train
SG-00515,train
SG-00516,test
SG-00517,train
SG-00518,train
SG-00519,train
SG-00520,train
SG-00521,train
SG-00522,train
SG-00523,train
SG-00524,train
SG-00525,validation
SG-00526,test
SG-00527,train
SG-00528,train
SG-00529,test
SG-00530,train
SG-00531,train
SG-00532,train
SG-00533,train
SG-00534,test
SG-00535,test
SG-00536,test
SG-00537,validation
SG-00538,train
SG-00539,train
SG-00540,train
SG-00541,train
SG-00542,train
SG-00543,train
SG-00544,train
SG-00545,train
SG-00546,test
SG-00547,train
SG-00548,train
SG-00549,train
SG-00550,validation
SG-00551,train
SG-00552,train
SG-00553,validation
SG-00554,train
SG-00555,train
SG-00556,test
SG-00557,train
SG-00558,validation
SG-00559,train
SG-00560,train
SG-00561,train
SG-00562,validation
SG-00563,test
SG-00564,train
SG-00565,test
SG-00566,train
SG-00567,train
SG-00568,train
SG-00569,train
SG-00570,train
SG-00571,train
SG-00572,validation
SG-00573,train
SG-00574,train
SG-00575,train
SG-00576,validation
SG-00577,train
SG-00578,train
SG-00579,train
SG-00580,validation
SG-00581,validation
SG-00582,train
SG-00583,train
SG-00584,train
SG-00585,train
SG-00586,train
SG-00587,train
SG-00588,train
SG-00589,train
SG-00590,train
SG-00591,validation
SG-00592,train
SG-00593,validation
SG-00594,train
SG-00595,train
SG-00596,train
SG-00597,train
SG-00598,train
SG-00599,validation
SG-00600,validation
SG-00601,train
SG-00602,validation
SG-00603,train
SG-00604,train
SG-00605,test
SG-00606,validation
SG-00607,train
SG-00608,train
SG-00609,train
SG-00610,train
SG-00611,train
SG-00612,train
SG-00613,validation
SG-00614,train
SG-00615,validation
SG-00616,train
SG-00617,train
SG-00618,train
SG-00619,train
SG-00620,validation
SG-00621,train
SG-00622,train
SG-00623,train
SG-00624,train
SG-00625,train
SG-00626,train
SG-00627,train
SG-00628,train
SG-00629,validation
SG-00630,train
SG-00631,train
SG-00632,train
SG-00633,train
SG-00634,test
SG-00635,train
SG-00636,train
SG-00637,train
SG-00638,train
SG-00639,train
SG-00640,train
SG-00641,train
SG-00642,test
SG-00643,test
SG-00644,train
SG-00645,train
SG-00646,validation
SG-00647,train
SG-00648,train
SG-00649,train
SG-00650,train
SG-00651,train
SG-00652,train
SG-00653,train
SG-00654,train
SG-00655,validation
SG-00656,train
SG-00657,train
SG-00658,train
SG-00659,train
SG-00660,validation
SG-00661,train
SG-00662,test
SG-00663,validation
SG-00664,train
SG-00665,train
SG-00666,train
SG-00667,train
SG-00668,test
SG-00669,train
SG-00670,test
SG-00671,train
SG-00672,train
SG-00673,train
SG-00674,train
SG-00675,train
SG-00676,test
SG-00677,validation
SG-00678,train
SG-00679,train
SG-00680,train
SG-00681,train
SG-00682,train
SG-00683,train
SG-00684,train
SG-00685,validation
SG-00686,validation
SG-00687,train
SG-00688,test
SG-00689,train
SG-00690,test
SG-00691,test
SG-00692,train
SG-00693,train
SG-00694,train
SG-00695,validation
SG-00696,train
SG-00697,train
SG-00698,train
SG-00699,train
SG-00700,train
SG-00701,train
SG-00702,train
SG-00703,train
SG-00704,train
SG-00705,train
SG-00706,train
SG-00707,test
SG-00708,test
SG-00709,train
SG-00710,train
SG-00711,validation
SG-00712,validation
SG-00713,train
SG-00714,validation
SG-00715,validation
SG-00716,validation
SG-00717,train
SG-00718,train
SG-00719,test
SG-00720,train
SG-00721,train
SG-00722,test
SG-00723,validation
SG-00724,train
SG-00725,train
SG-00726,validation
SG-00727,train
SG-00728,train
SG-00729,train
SG-00730,train
SG-00731,train
SG-00732,train
SG-00733,test
SG-00734,train
SG-00735,train
SG-00736,test
SG-00737,validation
SG-00738,train
SG-00739,train
SG-00740,train
SG-00741,train
SG-00742,train
SG-00743,train
SG-00744,train
SG-00745,train
SG-00746,train
SG-00747,test
SG-00748,train
SG-00749,validation
SG-00750,test
SG-00751,train
SG-00752,train
SG-00753,test
SG-00754,validation
SG-00755,train
SG-00756,train
SG-00757,train
SG-00758,train
SG-00759,train
SG-00760,validation
SG-00761,test
SG-00762,validation
SG-00763,train
SG-00764,train
SG-00765,test
SG-00766,train
SG-00767,train
SG-00768,train
SG-00769,validation
SG-00770,train
SG-00771,train
SG-00772,train
SG-00773,train
SG-00774,train
SG-00775,validation
SG-00776,validation
SG-00777,validation
SG-00778,train
SG-00779,test
SG-00780,validation
SG-00781,train
SG-00782,test
SG-00783,train
SG-00784,train
SG-00785,validation
SG-00786,train
SG-00787,validation
SG-00788,test
SG-00789,train
SG-00790,validation
SG-00791,train
SG-00792,train
SG-00793,train
SG-00794,validation
SG-00795,train
SG-00796,train
SG-00797,validation
SG-00798,train
SG-00799,train
SG-00800,validation
SG-00801,train
SG-00802,train
SG-00803,train
SG-00804,train
SG-00805,train
SG-00806,test
SG-00807,train
SG-00808,test
SG-00809,validation
SG-00810,test
SG-00811,train
SG-00812,validation
SG-00813,train
SG-00814,train
SG-00815,train
SG-00816,train
SG-00817,test
SG-00818,train
SG-00819,train
SG-00820,validation
SG-00821,test
SG-00822,train
SG-00823,train
SG-00824,validation
SG-00825,train
SG-00826,train
SG-00827,train
SG-00828,train
SG-00829,test
SG-00830,train
SG-00831,test
SG-00832,train
SG-00833,train
SG-00834,validation
SG-00835,test
SG-00836,train
SG-00837,test
SG-00838,train
SG-00839,test
SG-00840,train
SG-00841,test
SG-00842,validation
SG-00843,train
SG-00844,train
SG-00845,test
SG-00846,train
SG-00847,train
SG-00848,train
SG-00849,validation
SG-00850,train
SG-00851,train
SG-00852,test
SG-00853,train
SG-00854,train
SG-00855,train
SG-00856,train
SG-00857,validation
SG-00858,train
SG-00859,train
SG-00860,train
SG-00861,train
SG-00862,test
SG-00863,test
SG-00864,validation
SG-00865,validation
SG-00866,train
SG-00867,train
SG-00868,test
SG-00869,train
SG-00870,train
SG-00871,train
SG-00872,train
SG-00873,train
SG-00874,train
SG-00875,train
SG-00876,validation
SG-00877,train
SG-00878,train
SG-00879,train
SG-00880,train
SG-00881,validation
SG-00882,train
SG-00883,train
SG-00884,train
SG-00885,train
SG-00886,train
SG-00887,test
SG-00888,train
SG-00889,train
SG-00890,train
SG-00891,validation
SG-00892,train
SG-00893,train
SG-00894,test
SG-00895,train
SG-00896,train
SG-00897,validation
SG-00898,train
SG-00899,train
SG-00900,train
SG-00901,train
SG-00902,train
SG-00903,train
SG-00904,train
SG-00905,validation
SG-00906,validation
SG-00907,validation
SG-00908,validation
SG-00909,test
SG-00910,train
SG-00911,validation
SG-00912,train
SG-00913,train
SG-00914,train
SG-00915,train
SG-00916,test
SG-00917,validation
SG-00918,train
SG-00919,validation
SG-00920,validation
SG-00921,train
SG-00922,train
SG-00923,validation
SG-00924,train
SG-00925,train
SG-00926,validation
SG-00927,test
SG-00928,train
SG-00929,validation
SG-00930,train
SG-00931,test
SG-00932,test
SG-00933,validation
SG-00934,train
SG-00935,train
SG-00936,train
SG-00937,validation
SG-00938,validation
SG-00939,test
SG-00940,validation
SG-00941,train
SG-00942,train
SG-00943,train
SG-00944,validation
SG-00945,train
SG-00946,train
SG-00947,train
SG-00948,train
SG-00949,test
SG-00950,test
SG-00951,validation
SG-00952,train
SG-00953,validation
SG-00954,train
SG-00955,validation
SG-00956,train
SG-00957,validation
SG-00958,train
SG-00959,train
SG-00960,train
SG-00961,train
SG-00962,test
SG-00963,test
SG-00964,train
SG-00965,train
SG-00966,train
SG-00967,test
SG-00968,train
SG-00969,train
SG-00970,train
SG-00971,validation
SG-00972,train
SG-00973,train
SG-00974,train
SG-00975,train
SG-00976,train
SG-00977,train
SG-00978,train
SG-00979,test
SG-00980,train
SG-00981,train
SG-00982,validation
SG-00983,train
SG-00984,train
SG-00985,test
SG-00986,train
SG-00987,test
SG-00988,test
SG-00989,train
SG-00990,train
SG-00991,train
SG-00992,train
SG-00993,train
SG-00994,train
SG-00995,train
SG-00996,test
SG-00997,train
SG-00998,train
SG-00999,test
SG-01000,train
SG-01001,train
SG-01002,train
SG-01003,validation
SG-01004,train
SG-01005,train
SG-01006,validation
SG-01007,train
SG-01008,test
SG-01009,train
SG-01010,train
SG-01011,train
SG-01012,train
SG-01013,train
SG-01014,test
SG-01015,train
SG-01016,train
SG-01017,train
SG-01018,train
SG-01019,train
SG-01020,train
SG-01021,train
SG-01022,train
SG-01023,test
SG-01024,test
SG-01025,train
SG-01026,validation
SG-01027,train
SG-01028,validation
SG-01029,test
SG-01030,train
SG-01031,train
SG-01032,train
SG-01033,train
SG-01034,train
SG-01035,validation
SG-01036,train
SG-01037,train
SG-01038,train
SG-01039,train
SG-01040,test
SG-01041,train
SG-01042,test
SG-01043,test
SG-01044,validation
SG-01045,validation
SG-01046,train
SG-01047,test
SG-01048,train
SG-01049,train
SG-01050,train
SG-01051,validation
SG-01052,test
SG-01053,train
SG-01054,train
SG-01055,train
SG-01056,train
SG-01057,test
SG-01058,validation
SG-01059,test
SG-01060,train
SG-01061,train
SG-01062,train
SG-01063,validation
SG-01064,train
SG-01065,train
SG-01066,test
SG-01067,train
SG-01068,train
SG-01069,validation
SG-01070,train
SG-01071,train
SG-01072,train
SG-01073,validation
SG-01074,train
SG-01075,train
SG-01076,train
SG-01077,train
SG-01078,train
SG-01079,train
SG-01080,validation
SG-01081,train
SG-01082,test
SG-01083,train
SG-01084,train
SG-01085,train
SG-01086,train
SG-01087,train
SG-01088,train
SG-01089,train
SG-01090,test
SG-01091,train
SG-01092,train
SG-01093,test
SG-01094,train
SG-01095,train
SG-01096,train
SG-01097,train
SG-01098,train
SG-01099,train
SG-01100,test
SG-01101,train
SG-01102,train
SG-01103,train
SG-01104,train
SG-01105,train
SG-01106,train
SG-01107,train
SG-01108,train
SG-01109,train
SG-01110,train
SG-01111,validation
SG-01112,validation
SG-01113,train
SG-01114,train
SG-01115,test
SG-01116,validation
SG-01117,validation
SG-01118,test
SG-01119,train
SG-01120,test
SG-01121,train
SG-01122,train
SG-01123,train
SG-01124,test
SG-01125,train
SG-01126,train
SG-01127,validation
SG-01128,test
SG-01129,train
SG-01130,train
SG-01131,train
SG-01132,train
SG-01133,validation
SG-01134,validation
SG-01135,train
SG-01136,train
SG-01137,train
SG-01138,test
SG-01139,train
SG-01140,validation
SG-01141,train
SG-01142,train
SG-01143,train
SG-01144,train
SG-01145,train
SG-01146,train
SG-01147,test
SG-01148,train
SG-01149,train
SG-01150,validation
SG-01151,train
SG-01152,train
SG-01153,train
SG-01154,train
SG-01155,train
SG-01156,train
SG-01157,validation
SG-01158,train
SG-01159,test
SG-01160,train
SG-01161,train
SG-01162,test
SG-01163,validation
SG-01164,train
SG-01165,train
SG-01166,train
SG-01167,train
SG-01168,train
SG-01169,train
SG-01170,train
SG-01171,train
SG-01172,train
SG-01173,train
SG-01174,test
SG-01175,validation
SG-01176,train
SG-01177,train
SG-01178,validation
SG-01179,train
SG-01180,train
SG-01181,validation
SG-01182,test
SG-01183,test
SG-01184,validation
SG-01185,train
SG-01186,train
SG-01187,test
SG-01188,train
SG-01189,train
SG-01190,train
SG-01191,train
SG-01192,train
SG-01193,train
SG-01194,train
SG-01195,test
SG-01196,train
SG-01197,train
SG-01198,train
SG-01199,train
SG-01200,test
SG-01201,train
SG-01202,train
SG-01203,train
SG-01204,train
SG-01205,train
SG-01206,train
SG-01207,train
SG-01208,train
SG-01209,train
SG-01210,train
SG-01211,test
SG-01212,test
SG-01213,train
SG-01214,train
SG-01215,test
SG-01216,train
SG-01217,train
SG-01218,train
SG-01219,train
SG-01220,test
SG-01221,validation
SG-01222,train
SG-01223,train
SG-01224,train
SG-01225,train
SG-01226,validation
SG-01227,validation
SG-01228,train
SG-01229,validation
SG-01230,train
SG-01231,train
SG-01232,validation
SG-01233,train
SG-01234,train
SG-01235,train
SG-01236,train
SG-01237,train
SG-01238,validation
SG-01239,test
SG-01240,train
SG-01241,test
SG-01242,train
SG-01243,train
SG-01244,validation
SG-01245,validation
SG-01246,test
SG-01247,train
SG-01248,validation
SG-01249,train
SG-01250,validation
SG-01251,validation
SG-01252,train
SG-01253,test
SG-01254,test
SG-01255,train
SG-01256,train
SG-01257,train
SG-01258,validation
SG-01259,train
SG-01260,test
SG-01261,train
SG-01262,train
SG-01263,train
SG-01264,train
SG-01265,validation
SG-01266,validation
SG-01267,train
SG-01268,train
SG-01269,train
SG-01270,train
SG-01271,train
SG-01272,train
SG-01273,train
SG-01274,train
SG-01275,train
SG-01276,test
SG-01277,train
SG-01278,train
SG-01279,test
SG-01280,test
SG-01281,validation
SG-01282,test
SG-01283,train
SG-01284,train
SG-01285,train
SG-01286,train
SG-01287,test
SG-01288,test
SG-01289,train
SG-01290,validation
SG-01291,train
SG-01292,train
SG-01293,train
SG-01294,train
SG-01295,test
SG-01296,train
SG-01297,test
SG-01298,train
SG-01299,train
SG-01300,train
SG-01301,train
SG-01302,train
SG-01303,train
SG-01304,validation
SG-01305,train
SG-01306,validation
SG-01307,train
SG-01308,test
SG-01309,test
SG-01310,train
SG-01311,train
SG-01312,train
SG-01313,validation
SG-01314,validation
SG-01315,train
SG-01316,test
SG-01317,test
SG-01318,test
SG-01319,train
SG-01320,validation
SG-01321,train
SG-01322,train
SG-01323,train
SG-01324,train
SG-01325,test
SG-01326,train
SG-01327,train
SG-01328,train
SG-01329,train
SG-01330,train
SG-01331,validation
SG-01332,validation
SG-01333,train
SG-01334,train
SG-01335,train
SG-01336,train
SG-01337,train
SG-01338,train
SG-01339,train
SG-01340,train
SG-01341,train
SG-01342,train
SG-01343,train
SG-01344,validation
SG-01345,train
SG-01346,train
SG-01347,train
SG-01348,train
SG-01349,train
SG-01350,test
SG-01351,train
SG-01352,test
SG-01353,train
SG-01354,test
SG-01355,train
SG-01356,train
SG-01357,test
SG-01358,train
SG-01359,train
SG-01360,train
SG-01361,validation
SG-01362,train
SG-01363,test
SG-01364,test
SG-01365,validation
SG-01366,test
SG-01367,train
SG-01368,train
SG-01369,train
SG-01370,validation
SG-01371,train
SG-01372,test
SG-01373,train
SG-01374,train
SG-01375,train
SG-01376,train
SG-01377,train
SG-01378,test
SG-01379,train
SG-01380,train
SG-01381,train
SG-01382,test
SG-01383,train
SG-01384,test
SG-01385,validation
SG-01386,train
SG-01387,train
SG-01388,validation
SG-01389,train
SG-01390,train
SG-01391,train
SG-01392,train
SG-01393,train
SG-01394,test
SG-01395,test
SG-01396,train
SG-01397,test
SG-01398,train
SG-01399,train
SG-01400,train
SG-01401,train
SG-01402,train
SG-01403,test
SG-01404,train
SG-01405,validation
SG-01406,train
SG-01407,train
SG-01408,train
SG-01409,test
SG-01410,test
SG-01411,train
SG-01412,train
SG-01413,train
SG-01414,test
SG-01415,train
SG-01416,train
SG-01417,train
SG-01418,train
SG-01419,train
SG-01420,train
SG-01421,test
SG-01422,train
SG-01423,train
SG-01424,train
SG-01425,train
SG-01426,train
SG-01427,train
SG-01428,train
SG-01429,train
SG-01430,train
SG-01431,validation
SG-01432,train
SG-01433,train
SG-01434,validation
SG-01435,validation
SG-01436,train
SG-01437,validation
SG-01438,train
SG-01439,validation
SG-01440,train
SG-01441,train
SG-01442,train
SG-01443,test
SG-01444,train
SG-01445,train
SG-01446,train
SG-01447,validation
SG-01448,validation
SG-01449,train
SG-01450,train
SG-01451,train
SG-01452,train
SG-01453,train
SG-01454,train
SG-01455,train
SG-01456,train
SG-01457,train
SG-01458,validation
SG-01459,train
SG-01460,train
SG-01461,train
SG-01462,validation
SG-01463,train
SG-01464,train
SG-01465,train
SG-01466,test
SG-01467,train
SG-01468,validation
SG-01469,train
SG-01470,validation
SG-01471,train
SG-01472,train
SG-01473,validation
SG-01474,train
SG-01475,train
SG-01476,train
SG-01477,train
SG-01478,train
SG-01479,train
SG-01480,train
SG-01481,train
SG-01482,train
SG-01483,train
SG-01484,validation
SG-01485,train
SG-01486,train
SG-01487,train
SG-01488,train
SG-01489,train
SG-01490,train
SG-01491,train
SG-01492,train
SG-01493,train
SG-01494,validation
SG-01495,train
SG-01496,train
SG-01497,train
SG-01498,train
SG-01499,train
SG-01500,test
SG-01501,train
SG-01502,train
SG-01503,train
SG-01504,validation
SG-01505,train
SG-01506,test
SG-01507,train
SG-01508,test
SG-01509,test
SG-01510,train
SG-01511,train
SG-01512,train
SG-01513,train
SG-01514,test
SG-01515,train
SG-01516,train
SG-01517,train
SG-01518,train
SG-01519,train
SG-01520,train
SG-01521,train
SG-01522,train
SG-01523,train
SG-01524,validation
SG-01525,test
SG-01526,train
SG-01527,test
SG-01528,test
SG-01529,test
SG-01530,train
SG-01531,test
SG-01532,train
SG-01533,test
SG-01534,train
SG-01535,test
SG-01536,train
SG-01537,train
SG-01538,train
SG-01539,train
SG-01540,train
SG-01541,test
SG-01542,train
SG-01543,train
SG-01544,train
SG-01545,test
SG-01546,test
SG-01547,train
SG-01548,validation
SG-01549,train
SG-01550,train
SG-01551,test
SG-01552,train
SG-01553,test
SG-01554,test
SG-01555,train
SG-01556,train
SG-01557,train
SG-01558,validation
SG-01559,train
SG-01560,train
SG-01561,train
SG-01562,test
SG-01563,train
SG-01564,validation
SG-01565,test
SG-01566,train
SG-01567,train
SG-01568,train
SG-01569,train
SG-01570,train
SG-01571,validation
SG-01572,train
SG-01573,test
SG-01574,test
SG-01575,train
SG-01576,validation
SG-01577,train
SG-01578,train
SG-01579,train
SG-01580,test
SG-01581,train
SG-01582,train
SG-01583,validation
SG-01584,train
SG-01585,validation
SG-01586,train
SG-01587,train
SG-01588,train
SG-01589,train
SG-01590,validation
SG-01591,train
SG-01592,train
SG-01593,train
SG-01594,train
SG-01595,train
SG-01596,test
SG-01597,train
SG-01598,train
SG-01599,validation
SG-01600,train
SG-01601,train
SG-01602,train
SG-01603,test
SG-01604,train
SG-01605,validation
SG-01606,train
SG-01607,train
SG-01608,train
SG-01609,validation
SG-01610,train
SG-01611,test
SG-01612,train
SG-01613,train
SG-01614,train
SG-01615,train
SG-01616,train
SG-01617,test
SG-01618,train
SG-01619,train
SG-01620,train
SG-01621,train
SG-01622,test
SG-01623,train
SG-01624,test
SG-01625,train
SG-01626,validation
SG-01627,test
SG-01628,train
SG-01629,train
SG-01630,train
SG-01631,test
SG-01632,train
SG-01633,train
SG-01634,test
SG-01635,validation
SG-01636,train
SG-01637,train
SG-01638,train
SG-01639,train
SG-01640,train
SG-01641,train
SG-01642,train
SG-01643,validation
SG-01644,train
SG-01645,train
SG-01646,train
SG-01647,train
SG-01648,train
SG-01649,train
SG-01650,test
SG-01651,train
SG-01652,train
SG-01653,train
SG-01654,train
SG-01655,train
SG-01656,validation
SG-01657,validation
SG-01658,train
SG-01659,test
SG-01660,train
SG-01661,train
SG-01662,test
SG-01663,train
SG-01664,train
SG-01665,train
SG-01666,train
SG-01667,train
SG-01668,train
SG-01669,validation
SG-01670,test
SG-01671,train
SG-01672,validation
SG-01673,test
SG-01674,train
SG-01675,train
SG-01676,train
SG-01677,validation
SG-01678,train
SG-01679,train
SG-01680,test
SG-01681,validation
SG-01682,validation
SG-01683,train
SG-01684,train
SG-01685,train
SG-01686,train
SG-01687,train
SG-01688,validation
SG-01689,train
SG-01690,validation
SG-01691,validation
SG-01692,train
SG-01693,train
SG-01694,train
SG-01695,train
SG-01696,validation
SG-01697,validation
SG-01698,test
SG-01699,train
SG-01700,train
SG-01701,train
SG-01702,train
SG-01703,train
SG-01704,train
SG-01705,train
SG-01706,train
SG-01707,train
SG-01708,validation
SG-01709,train
SG-01710,train
SG-01711,train
SG-01712,train
SG-01713,train
SG-01714,train
SG-01715,train
SG-01716,train
SG-01717,train
SG-01718,train
SG-01719,train
SG-01720,train
SG-01721,train
SG-01722,validation
SG-01723,train
SG-01724,train
SG-01725,train
SG-01726,train
SG-01727,test
SG-01728,train
SG-01729,test
SG-01730,train
SG-01731,validation
SG-01732,train
SG-01733,test
SG-01734,test
SG-01735,train
SG-01736,test
SG-01737,validation
SG-01738,test
SG-01739,validation
SG-01740,train
SG-01741,validation
SG-01742,validation
SG-01743,test
SG-01744,train
SG-01745,validation
SG-01746,train
SG-01747,test
SG-01748,validation
SG-01749,train
SG-01750,train
SG-01751,validation
SG-01752,train
SG-01753,train
SG-01754,train
SG-01755,train
SG-01756,train
SG-01757,validation
SG-01758,train
SG-01759,train
SG-01760,train
SG-01761,train
SG-01762,validation
SG-01763,validation
SG-01764,train
SG-01765,train
SG-01766,train
SG-01767,train
SG-01768,validation
SG-01769,train
SG-01770,train
SG-01771,train
SG-01772,train
SG-01773,train
SG-01774,train
SG-01775,train
SG-01776,test
SG-01777,train
SG-01778,train
SG-01779,train
SG-01780,train
SG-01781,validation
SG-01782,train
SG-01783,train
SG-01784,train
SG-01785,train
SG-01786,train
SG-01787,test
SG-01788,validation
SG-01789,train
SG-01790,train
SG-01791,train
SG-01792,train
SG-01793,train
SG-01794,test
SG-01795,train
SG-01796,train
SG-01797,train
SG-01798,validation
SG-01799,validation
SG-01800,train
SG-01801,train
SG-01802,train
SG-01803,test
SG-01804,train
SG-01805,train
SG-01806,train
SG-01807,train
SG-01808,train
SG-01809,validation
SG-01810,test
SG-01811,test
SG-01812,train
SG-01813,train
SG-01814,train
SG-01815,train
SG-01816,test
SG-01817,train
SG-01818,train
SG-01819,train
SG-01820,validation
SG-01821,train
SG-01822,train
SG-01823,train
SG-01824,train
SG-01825,test
SG-01826,train
SG-01827,train
SG-01828,train
SG-01829,train
SG-01830,train
SG-01831,train
SG-01832,train
SG-01833,train
SG-01834,train
SG-01835,train
SG-01836,validation
SG-01837,test
SG-01838,validation
SG-01839,train
SG-01840,train
SG-01841,train
SG-01842,train
SG-01843,test
SG-01844,train
SG-01845,train
SG-01846,train
SG-01847,train
SG-01848,train
SG-01849,train
SG-01850,train
SG-01851,train
SG-01852,train
SG-01853,validation
SG-01854,train
SG-01855,train
SG-01856,train
SG-01857,test
SG-01858,validation
SG-01859,train
SG-01860,train
SG-01861,train
SG-01862,test
SG-01863,validation
SG-01864,train
SG-01865,train
SG-01866,train
SG-01867,validation
SG-01868,train
SG-01869,validation
SG-01870,train
SG-01871,train
SG-01872,train
SG-01873,train
SG-01874,train
SG-01875,train
SG-01876,validation
SG-01877,validation
SG-01878,train
SG-01879,train
SG-01880,validation
SG-01881,test
SG-01882,validation
SG-01883,train
SG-01884,validation
SG-01885,validation
SG-01886,test
SG-01887,train
SG-01888,train
SG-01889,validation
SG-01890,train
SG-01891,train
SG-01892,train
SG-01893,train
SG-01894,train
SG-01895,validation
SG-01896,train
SG-01897,test
SG-01898,train
SG-01899,validation
SG-01900,train
SG-01901,test
SG-01902,test
SG-01903,train
SG-01904,train
SG-01905,validation
SG-01906,train
SG-01907,train
SG-01908,train
SG-01909,validation
SG-01910,train
SG-01911,train
SG-01912,test
SG-01913,train
SG-01914,validation
SG-01915,train
SG-01916,test
SG-01917,train
SG-01918,train
SG-01919,train
SG-01920,train
SG-01921,train
SG-01922,train
SG-01923,validation
SG-01924,train
SG-01925,train
SG-01926,train
SG-01927,train
SG-01928,train
SG-01929,train
SG-01930,train
SG-01931,train
SG-01932,validation
SG-01933,train
SG-01934,train
SG-01935,validation
SG-01936,train
SG-01937,train
SG-01938,train
SG-01939,validation
SG-01940,train
SG-01941,train
SG-01942,test
SG-01943,test
SG-01944,validation
SG-01945,train
SG-01946,train
SG-01947,train
SG-01948,validation
SG-01949,train
SG-01950,test
SG-01951,test
SG-01952,test
SG-01953,train
SG-01954,train
SG-01955,test
SG-01956,train
SG-01957,test
SG-01958,train
SG-01959,train
SG-01960,train
SG-01961,train
SG-01962,train
SG-01963,train
SG-01964,train
SG-01965,train
SG-01966,train
SG-01967,train
SG-01968,test
SG-01969,train
SG-01970,test
SG-01971,test
SG-01972,train
SG-01973,train
SG-01974,validation
SG-01975,train
SG-01976,train
SG-01977,train
SG-01978,train
SG-01979,train
SG-01980,train
SG-01981,validation
SG-01982,train
SG-01983,train
SG-01984,train
SG-01985,train
SG-01986,train
SG-01987,validation
SG-01988,test
SG-01989,train
SG-01990,train
SG-01991,train
SG-01992,train
SG-01993,test
SG-01994,validation
SG-01995,test
SG-01996,train
SG-01997,train
SG-01998,train
SG-01999,train
SG-02000,train
SG-02001,train
SG-02002,test
SG-02003,train
SG-02004,train
SG-02005,validation
SG-02006,train
SG-02007,validation
SG-02008,validation
SG-02009,validation
SG-02010,train
SG-02011,train
SG-02012,test
SG-02013,train
SG-02014,train
SG-02015,train
SG-02016,test
SG-02017,train
SG-02018,train
SG-02019,train
SG-02020,train
SG-02021,validation
SG-02022,train
SG-02023,validation
SG-02024,train
SG-02025,train
SG-02026,validation
SG-02027,train
SG-02028,train
SG-02029,train
SG-02030,validation
SG-02031,train
SG-02032,train
SG-02033,train
SG-02034,train
SG-02035,train
SG-02036,test
SG-02037,train
SG-02038,train
SG-02039,train
SG-02040,train
SG-02041,train
SG-02042,train
SG-02043,test
SG-02044,validation
SG-02045,test
SG-02046,train
SG-02047,validation
SG-02048,train
SG-02049,train
SG-02050,train
SG-02051,train
SG-02052,validation
SG-02053,train
SG-02054,train
SG-02055,train
SG-02056,train
SG-02057,train
SG-02058,train
SG-02059,train
SG-02060,validation
SG-02061,train
SG-02062,test
SG-02063,train
SG-02064,train
SG-02065,test
SG-02066,train
SG-02067,train
SG-02068,test
SG-02069,train
SG-02070,validation
SG-02071,train
SG-02072,train
SG-02073,validation
SG-02074,train
SG-02075,train
SG-02076,train
SG-02077,test
SG-02078,train
SG-02079,train
SG-02080,train
SG-02081,test
SG-02082,train
SG-02083,test
SG-02084,validation
SG-02085,train
SG-02086,test
SG-02087,test
SG-02088,test
SG-02089,train
SG-02090,train
SG-02091,train
SG-02092,train
SG-02093,validation
SG-02094,train
SG-02095,train
SG-02096,train
SG-02097,train
SG-02098,test
SG-02099,train
SG-02100,train
SG-02101,train
SG-02102,train
SG-02103,train
SG-02104,train
SG-02105,train
SG-02106,train
SG-02107,train
SG-02108,train
SG-02109,train
SG-02110,train
SG-02111,train
SG-02112,test
SG-02113,train
SG-02114,test
SG-02115,train
SG-02116,train
SG-02117,train
SG-02118,train
SG-02119,validation
SG-02120,train
SG-02121,train
SG-02122,test
SG-02123,train
SG-02124,train
SG-02125,train
SG-02126,train
SG-02127,train
SG-02128,train
SG-02129,train
SG-02130,train
SG-02131,validation
SG-02132,train
SG-02133,validation
SG-02134,train
SG-02135,train
SG-02136,train
SG-02137,train
SG-02138,train
SG-02139,test
SG-02140,train
SG-02141,validation
SG-02142,train
SG-02143,train
SG-02144,train
SG-02145,validation
SG-02146,train
SG-02147,train
SG-02148,train
SG-02149,train
SG-02150,train
SG-02151,test
SG-02152,train
SG-02153,test
SG-02154,train
SG-02155,test
SG-02156,test
SG-02157,test
SG-02158,test
SG-02159,train
SG-02160,train
SG-02161,train
SG-02162,train
SG-02163,validation
SG-02164,train
SG-02165,train
SG-02166,test
SG-02167,train
SG-02168,train
SG-02169,train
SG-02170,train
SG-02171,test
SG-02172,train
SG-02173,train
SG-02174,validation
SG-02175,validation
SG-02176,train
SG-02177,train
SG-02178,train
SG-02179,train
SG-02180,train
SG-02181,train
SG-02182,train
SG-02183,train
SG-02184,validation
SG-02185,train
SG-02186,train
SG-02187,validation
SG-02188,test
SG-02189,validation
SG-02190,test
SG-02191,train
SG-02192,train
SG-02193,validation
SG-02194,validation
SG-02195,train
SG-02196,train
SG-02197,train
SG-02198,train
SG-02199,train
SG-02200,train
SG-02201,train
SG-02202,train
SG-02203,train
SG-02204,train
SG-02205,train
SG-02206,train
SG-02207,train
SG-02208,train
SG-02209,test
SG-02210,train
SG-02211,train
SG-02212,train
SG-02213,train
SG-02214,test
SG-02215,train
SG-02216,train
SG-02217,train
SG-02218,train
SG-02219,validation
SG-02220,train
SG-02221,train
SG-02222,train
SG-02223,train
SG-02224,train
SG-02225,train
SG-02226,test
SG-02227,test
SG-02228,train
SG-02229,train
SG-02230,train
SG-02231,train
SG-02232,validation
SG-02233,train
SG-02234,train
SG-02235,train
SG-02236,test
SG-02237,train
SG-02238,test
SG-02239,validation
SG-02240,train
SG-02241,train
SG-02242,train
SG-02243,train
SG-02244,train
SG-02245,train
SG-02246,train
SG-02247,train
SG-02248,train
SG-02249,train
SG-02250,validation
SG-02251,train
SG-02252,test
SG-02253,train
SG-02254,train
SG-02255,train
SG-02256,train
SG-02257,train
SG-02258,train
SG-02259,validation
SG-02260,train
SG-02261,test
SG-02262,train
SG-02263,validation
SG-02264,train
SG-02265,train
SG-02266,train
SG-02267,train
SG-02268,train
SG-02269,train
SG-02270,train
SG-02271,train
SG-02272,train
SG-02273,validation
SG-02274,train
SG-02275,train
SG-02276,train
SG-02277,test
SG-02278,train
SG-02279,test
SG-02280,train
SG-02281,train
SG-02282,validation
SG-02283,train
SG-02284,train
SG-02285,train
SG-02286,train
SG-02287,train
SG-02288,train
SG-02289,validation
SG-02290,train
SG-02291,test
SG-02292,test
SG-02293,train
SG-02294,test
SG-02295,train
SG-02296,train
SG-02297,train
SG-02298,test
SG-02299,validation
SG-02300,train
SG-02301,train
SG-02302,train
SG-02303,train
SG-02304,validation
SG-02305,train
SG-02306,test
SG-02307,test
SG-02308,validation
SG-02309,train
SG-02310,train
SG-02311,train
SG-02312,train
SG-02313,train
SG-02314,train
SG-02315,train
SG-02316,train
SG-02317,train
SG-02318,train
SG-02319,validation
SG-02320,test
SG-02321,train
SG-02322,train
SG-02323,train
SG-02324,test
SG-02325,train
SG-02326,train
SG-02327,train
SG-02328,train
SG-02329,train
SG-02330,train
SG-02331,train
SG-02332,test
SG-02333,train
SG-02334,train
SG-02335,train
SG-02336,test
SG-02337,train
SG-02338,train
SG-02339,train
SG-02340,train
SG-02341,train
SG-02342,validation
SG-02343,train
SG-02344,train
SG-02345,test
SG-02346,test
SG-02347,train
SG-02348,train
SG-02349,test
SG-02350,train
SG-02351,validation
SG-02352,validation
SG-02353,train
SG-02354,train
SG-02355,validation
SG-02356,train
SG-02357,train
SG-02358,train
SG-02359,train
SG-02360,train
SG-02361,train
SG-02362,train
SG-02363,train
SG-02364,train
SG-02365,train
SG-02366,train
SG-02367,train
SG-02368,train
SG-02369,train
SG-02370,train
SG-02371,train
SG-02372,test
SG-02373,train
SG-02374,train
SG-02375,train
SG-02376,train
SG-02377,train
SG-02378,train
SG-02379,test
SG-02380,train
SG-02381,train
SG-02382,validation
SG-02383,train
SG-02384,validation
SG-02385,train
SG-02386,train
SG-02387,validation
SG-02388,test
SG-02389,train
SG-02390,train
SG-02391,train
SG-02392,train
SG-02393,validation
SG-02394,train
SG-02395,test
SG-02396,validation
SG-02397,train
SG-02398,train
SG-02399,train
SG-02400,train
